system_prompt,task_description,reasoning_content,content
"角色定位：
君弘灵犀，证券基金领域智能投顾问答机器人。请注意，我不具备证券投资顾问资格，无法提供投资建议或市场走势预测。
核心能力：
专业的投资研究、内容总结及分析研判能力，堪比投资专家。
输出内容逻辑严谨、观点鲜明、条理清晰，避免冗长。
任务目标：
基于所提供的资讯、研报、数据等，给出客观、合规且逻辑严密的解答。
回答流程：
理解问题：仔细审视用户提问，准确把握核心需求和关键信息。
筛选信息：从提供的数据中筛选符合分析方法要求、时效性强且与问题相关的信息。
整理思路：参考分析方法，结合有效数据，构建回答框架。若数据不足，则省略相关分析维度。
生成答案：依据整理后的思路和有效信息，形成结论并支持要点。内容需结构明晰、逻辑连贯，并包含数据佐证。支撑要点应包含完整数据、机构观点等。
合规要求：
避免推荐具体股票、ETF、行业板块、概念、公募基金等金融产品。
不预测任何金融产品的市场走势。
仅提供基于“客观资讯”“公开研报”“政策解读”的中立分析，不给出操作建议。
不承诺保本或收益。
保持积极正面的回答态度，符合国家政策和主流精神。
宣传公司品牌、服务及产品时，避免使用极限词汇。
不贬低竞争对手。
不提及“免佣”或类似表述。
不诱导开户或购买行为。
不提示咨询外部专业机构，因用户已在使用本服务。
整体限制：
答案中的数据严格基于下文提供的参考数据，不要使用参考数据中未出现的数据。避免基于历史数据进行推断。参考文档和数据为空的标识：参考文档（[]）、参考数据（[]）。 参考数据和资讯都为空时，不要继续往下做分析，直接返回“暂无相关数据”。参考数据提供的信息不足时，影响分析时，声明“信息不足”。使用参考数据已有数据分析。
若数据仅包含行业排名绝对值，不包含行业公司总数，则只输出排名绝对值，不捏造或推测其他信息。
校验信息时效性，优先使用符合用户要求或最新的信息。按逻辑或时间顺序组织回答。未标明时间的信息视为最新数据。尤其注意资讯或者参考数据中的数据是否是过期的暂态数据，例如不要把过去某一时刻的现价涨跌幅误认为当日涨跌幅，已经过去的当日涨跌幅是用收盘价计算。查询现价涨跌幅用截止此刻现价计算。
引用的政策关键时间节点例如发布时间，需要关注查询当下是否已经发布，已经发布的不要带有预期、预计等字眼。
请在计算或者数字格式转换的时候，请确保数字的精确和准确性
内容结构要求：
段落编号 + 段落标题（粗体 + 非标点符号的emoji图，标题为结论性概括）
段落正文
图表（如有）
视觉元素规范：
分块与标题：使用## + 粗体 + emoji或**标题**划分区块，标题一句话总结观点。
列表：有序/无序列表规范使用。
表格：数据以Markdown表格展示，单元格宽度自适应，内容自动换行。
关键数据：🔹 数据项：<span class=""highlight"">数值</span>形式突出显示。
分隔符：章节间使用---分隔。","""你身为国泰海通证券公司的资深业务专家，现在需要针对用户的问题展开深度分析。在解答过程中，你需要充分利用提供的参考文档（['资讯：\n 标题 杭州两宗住宅用地约18.98亿元成交，余杭区地块溢价率29.65% \n文档[1]\n 2025-07-22 16:06:00:000\n发布时间 杭州两宗住宅用地约18.98亿元成交，余杭区地块溢价率29.65%\n切片#1\n 7月22日，杭州市区2025年第二十批住宅用地正式出让，根据成交结果，两宗地块均溢价成交，共计成交金额约18.98亿元。 此次出让的地块分别位于拱墅区和余杭区，共计出让土地面积约50653平方米，出让建筑面积111657.3平方米，出让起始价约15.23亿元，两宗地块用途均为住宅（设配套公建）用地。 其中，杭政储出[2025]91号即拱墅区石桥单元GS130201-40地块，东至油车港绿化，南至桦枫居，西至地块，北至永华街。地块的出让面积为14157平方米，出让建筑面积为24066.9平方米，出让起始价为34310万元，折合起始楼面价为14256元/平方米。 竞价记录显示，该地块经过6轮竞价后，由杭州西湖房地产集团有限公司以36810万元竞得，成交楼面价为15295元/平方米，溢价率7.29%。 该地块西侧的杭政储出[2025]9号地块于今年2月成交。彼时，经过31轮竞价后，由杭州滨江房产集团股份有限公司以106607万元竞得地块，成交楼面价17347元/平方米，溢价率22.39%。 此次出让的另一宗地块为余杭区良渚东单元YH030304-08地块，地块编号杭政储出[2025]92号。地块东至上祥路，南至油车桥港北侧绿带，西至杭行路东侧绿带，北至通运街。地块的出让面积为36496平方米，出让建筑面积为87590.4平方米，出让价格为118037万元，折合起始楼面价为13476元/平方米。 竞价记录显示，余杭区地块经过35轮竞价后，由杭州滨江房产集团股份有限公司以153037万元竞得，成交楼面价为17472元/平方米，溢价率29.65%。 中指研究院华东大区常务副总高院生指出，杭州本次土拍较15日土拍有所升温，但市场持续分化，局部板块继续降温。比如今日出让的拱墅石桥单元虽容积率仅1.7且地块规模不大，但受近期所在区域市场预期下降影响，房企拿地更加理性，拿地楼面价相比前期滨江地块下降2000元/平米，进一步反映出局部市场转弱，从而影响房企竞价更加谨慎。\n\n 标题 中诚信托引金融活水 助力珠海保障性住房体系建设 \n文档[2]\n 2025-07-22 15:31:09:000\n发布时间 中诚信托引金融活水 助力珠海保障性住房体系建设\n切片#1\n \u3000\u3000中证报中证网讯（王珞）近期，中诚信托设立了“中诚信托-安居1号集合资金信托计划”，与珠海华发集团有限公司（下称“华发集团”）旗下子公司开展合作，用于支持珠海市安居集团有限公司（下称“安居集团”）收购存量商品房用作保障性住房，提高保障性住房收购和运营效率，助力珠海进一步完善“保障+市场”住房供应体系。 \u3000\u3000党的二十届三中全会审议通过的《中共中央关于进一步全面深化改革、推进中国式现代化的决定》提出：“加快建立租购并举的住房制度，加快构建房地产发展新模式。加大保障性住房建设和供给，满足工薪群体刚性住房需求。支持城乡居民多样化改善性住房需求。”随后召开的政治局会议对保障性住房供给作了专门部署，会议提出“坚持消化存量和优化增量相结合，积极支持收购存量商品房用作保障性住房。”此后，存量房收购工作加速，广州、深圳、杭州等多个城市已落地存量商品房收储工作。 \u3000\u3000华发集团以安居集团作为珠海市安居住房投资建设的运营主体，向华发集团旗下子公司珠海华发实业股份有限公司（下称“华发股份”）收购存量商品房用于增加保障性、人才安居和商业租赁住房供给，以满足中低收入家庭、产业人才及新市民的多元化居住需求。 \u3000\u3000在本次合作中，中诚信托发挥信托产品可定制化的优势，通过投资相关标的，为收购存量商品房用作保障性住房提供金融支持。该项目以“金融+保障房”模式盘活存量资产，积极响应国家“加快建立租购并举的住房制度，加快构建房地产发展新模式”的号召，是公司推动房地产市场健康发展、增进民生福祉的典型案例。 \u3000\u3000下一步，中诚信托将继续发挥信托制度优势，持续为保障性住房建设和供给等提供金融支持，助力构建房地产发展新模式，促进房地产高质量发展。\n\n 标题 银河证券：在政策的加持下，地产板块的配置价值凸显 \n文档[3]\n 2025-07-18 08:23:18:000\n发布时间 银河证券：在政策的加持下，地产板块的配置价值凸显\n切片#1\n 人民财讯7月18日电，银河证券指出，受到基数影响，前6月全国商品房累计销售表现为负增长，6月单月同比表现承压。随着7月城市工作会议再次提到地产新模式、城中村改造和危旧房改造，楼市有望逐渐止跌回稳。在政策的加持下，地产板块的配置价值凸显。银河证券认为头部房企展现优秀的运营管理能力具有资金优势，市占率有望进一步抬升。\n\n 标题 王国龙将退任领展集团行政总裁 \n文档[4]\n 2025-07-22 11:30:17:000\n发布时间 王国龙将退任领展集团行政总裁\n切片#1\n 【导读】王国龙将退任领展集团行政总裁 中国基金报记者 郭玟君 7月22日，领展房地产投资信托基金（以下简称领展房托）的管理人——领展资产管理有限公司（以下简称领展）董事会（以下简称董事会）宣布，集团行政总裁王国龙在这家聚焦亚洲的领先房地产投资者及管理公司服务逾16年后，决定退休。 王国龙决定退休 正值领展房托将迎上市20周年 领展房托是亚洲最大的房地产投资信托基金。领展在管理领展房托及其房地产投资组合的同时，亦致力利用其投资管理能力，透过旗下业务——领展房地产投资，为资本伙伴提供可靠的投资管理服务。 王国龙的退休决定，正值领展即将于2025年11月庆祝领展房托上市20周年。自成立以来，领展已从一家单一市场、单一资产类别的营运者，蜕变为亚洲领先的房地产投资者和管理人之一。 领展透露，董事会将展开全面的甄选程序，物色合适继任人，领导集团的下一阶段发展。王国龙将在过渡期间协助集团顺利交接。 领展董事会主席欧敦勤表示：“领展拥有一支稳健且表现卓越的领导团队。我们将坚守既定策略，继续专注于积极管理和优化领展房托的物业组合，同时拓展房地产投资管理平台。在充满挑战的市场环境下，领展展现出强韧的抗逆能力，反映业务基础稳固。随着‘领展房地产投资’业务的推出，我们在投资平台多元化方面亦迈出重要一步，致力为资本合作伙伴提供专业服务。” 董事会主席高度评价王国龙卓越贡献 领展提供的资料显示，王国龙现年63岁，分别于2009年2月及2010年5月起出任领展执行董事及集团行政总裁，同时还是领展的财务及投资委员会成员。他同时任领展根据证券及期货条例所委任的其中一名负责人员以及The Link Holdings Limited、领展物业有限公司、The Link Finance Limited及领展房托若干附属公司的董事。 此外，王国龙还兼任多个社会团体职务，包括盈富基金的监督委员会主席、宾夕法尼亚大学的受托人、城市土地学会的管治受托人、香港大学房地产及建设系客席教授、团结香港基金有限公司之顾问及香港公益金投资小组委员会委员。 欧敦勤表示：“过去16年来，王国龙领导领展不断成长和转型，为基金单位持有人、商户、员工和我们服务的广大小区带来裨益。我谨代表董事会和领展全体员工，衷心感谢他多年来所作出的卓越贡献，并期待在过渡期间继续携手推动集团发展。” 王国龙表示：“能够在领展持续成长和发展的关键阶段担任集团行政总裁，我深感荣幸。近年来，我们积极强化集团的领导架构。我对现有管理层充满信心，并相信已为领展迈向下一阶段的发展建立合适的团队。我将继续与主席、董事会以及管理层紧密合作，进一步巩固领展未来发展的根基，以迎接新篇章。” 领展房托2024/2025财年营业收入同比增长4.8%至142.23亿港元，净物业收入增长5.5%至106.19亿港元。可分配收入同比上升4.6%至70.25亿港元，高于市场预期。 交银国际发布研报表示，维持对领展房托（823 HK）“买入”评级，目标价为47.70港元。 交银国际认为，尽管领展房托每单位资产净值（NAV per unit）同比下降9.6%至63.30港元，但公司派息表现稳健，全年每单位派息（DPU）达2.7234港元，高于市场预期约1%。交银国际分析师认为，非香港市场的零售物业租金增长可抵消香港本地的轻微租金压力，整体租金水平有望在2026财年保持稳定，同时降息及房地产信托纳入港股通将构成中长期股价催化剂。 编辑：江右 校对：王玥 制作：舰长 审核：陈墨\n\n 标题 中国房协举办房地产债务重组重整培训班 \n文档[5]\n 2025-07-22 11:03:48:000\n发布时间 中国房协举办房地产债务重组重整培训班\n切片#1\n 据中国房地产业协会消息，2025年7月16-18日，中国房地产业协会在江苏省南通市组织举办房地产债务重组重整培训班。此次培训由中国房协法律工作委员会和金融分会承办，南通市房地产业协会协办，得到了江苏、浙江、上海等地房协支持。170余名来自地方住建部门、房地产开发企业、商业银行、资产管理公司、律所、行业协会等机构人员参加培训。后续中国房协将围绕资产盘活、债务化解主题，持续开展研讨交流和培训活动，相关成果也将整理形成报告送有关部门，努力为行业争取更优的政策环境。为推动房地产“止跌回稳”和健康发展发挥协会作用。\n\n 标题 中泰证券：现房销售政策将深远影响房地产行业 \n文档[6]\n 中泰证券：现房销售政策将深远影响房地产行业\n\n发布时间 2025-07-22 07:53:34切片#1\n 中泰证券的研究报告指出，现房销售政策的实施将对房地产行业的发展和房企的经营模式产生深远的影响。为了评估这一政策的长期效果，我们需要密切关注地方政府的执行情况以及相关配套支持政策的出台。报告建议关注那些在一二线城市有布局、基本面稳健且安全边际较高的房企，这些因素将为投资者提供更好的中长期配置机会。此外\n\n 标题 赚钱的房企，还剩三成 \n文档[7]\n 赚钱的房企，还剩三成\n\n发布时间 2025-07-18 17:47:40切片#1\n （原标题：赚钱的房企，还剩三成） 文/乐居财经 李兰&nbsp;&nbsp;在市场持续调整背景下，房企正经历严峻考验。&nbsp;据Wind数据，截至7月17日，A股已有67家房企发布2025年上半年业绩预告，其中47家陷入亏损，占比达70%，仅20家房企盈利，占比三成，行业整体承压态势明显。&nb\n\n 标题 “因城施策”成效明显 房地产朝止跌回稳方向迈进 \n文档[8]\n “因城施策”成效明显 房地产朝止跌回稳方向迈进\n\n发布时间 2025-07-16 01:28:34切片#1\n “因城施策”成效明显 房地产朝止跌回稳方向迈进 2025-07-16 00:15&nbsp;&nbsp;来源：证券日报\u2002 \u2002\u2002\u2002\u2002本报记者 孟珂 \u2002\u2002\u2002\u20027月15日，国家统计局发布数据显示，2025年6月份，70个大中城市中，各线城市商品住宅销售价格环比下降，同比降幅整体继续收窄。 \u2002\u2002\u2002\u2002国家统计\n\n 标题 国家统计局：上半年全国新建商品房销售额约4.4万亿元，待售面积连续四个月减少 \n文档[9]\n 国家统计局：上半年全国新建商品房销售额约4.4万亿元，待售面积连续四个月减少\n\n发布时间 2025-07-15 19:41:41切片#1\n 7月15日，国家统计局发布2025年上半年全国房地产市场基本情况。数据显示，房地产开发投资等多项指标仍处筑底阶段，但市场交易量、价格及房地产市场资金来源等方面均有所改善，去库存也取得了积极成效，全国商品房待售面积已连续四个月减少。国家统计局数据显示，1—6月份，全国房地产开发投资46658亿元，同比\n\n 标题 统计局谈楼市：市场筑底转型，上海行情复苏，中央部署新路径 \n文档[10]\n 统计局谈楼市：市场筑底转型，上海行情复苏，中央部署新路径\n\n发布时间 2025-07-15 16:21:49切片#1\n 国家统计局副局长盛来运在7月15日的国新办新闻发布会上指出，当前房地产销售面积和销售金额均有所下降，市场筑底和转型阶段相关指标的波动是正常现象。为促进市场止跌回稳，需加大推动力度。据国家统计局数据，上半年全国新建商品房销售面积同比下降3.5%，但降幅较去年同期和全年均有所收窄。商品房销售金额下降5.\n研报：\n 标题 房地产行业2025年Q2土地市场总结：土地市场温和复苏，市场回归理性 \n文档[11]\n 房地产行业2025年Q2土地市场总结：土地市场温和复苏，市场回归理性\n\n发布时间 2025年07月13日 16时00分00秒\n切片#1：2025Q2全国土地供应及成交情况\n    土地推出建面方面，2025年Q2全国供给土地规划建面6.52亿方，同比增速为-7.02%。土地出让金方面，2025年Q2全国实现土地出让金0.63万亿，同比增速为11.56%。\n\n    从溢价率数据来看，2025年Q2土地出让平均溢价率5.83%，相比2024年Q2上升3.01个百分点。从城市能级来看，2025年Q2一线、二线、三四线城市土地出让溢价率平均值分别为5.38%、8.20%、3.20%。从单月数据来看，2025年6月全国、一线、二线、三四线溢价率分别为4.91%、4.62%、6.45%、2.75%。\n\n    流拍率方面，2025年Q2平均流拍率为10.20%，2024年Q2流拍率为16.92%，同比下降6.71个百分点。2025年Q2，4-6月流拍率分别为12.11%、14.37%、3.58%。\n\n    高总价及高溢价率地块的城市分析\n    2025年Q2高总价地块数共有3宗，主要分布在一线城市和重点二线城市。从城市分布来看，2025年Q2总价超过50亿元的地块北京有2块、杭州有1块。\n\n    从高溢价率城市数量来看，2025年4月，全口径土地溢价率超过20%的城市数目为11城（5月、6月分别为14、9城）；溢价率超过30%的城市数目为7城（5月、6月分别为9、8城）。\n\n    住宅口径土地溢价率方面，2025年4月，土地溢价率超过20%的城市数目为11城（5月、6月分别为16、10城）；溢价率超过30%的城市数目为6城（5月、6月分别为8、5城）。从绝对数值来看，浙江、江苏和广东的累计土地出让金排名全国前三。\n\n    投资建议：2025年Q2土地市场温和复苏：推出建面和成交建面同比下降，土地出让金由于去年基期数据较低，同比小幅增长。由于一二线城市溢价率大幅下降，5、6月全国溢价率也回到5%以内。流拍率同比也下降。土地市场供需双方都在回归理性。三四线城市相较一二线城市依旧表现低迷。投资方面，当前房地产销售市场与土地市场都处于复苏期，政策环境持续发力，也为近年来最宽松的时候，预计板块的估值会随着政策呵护持续修复，建议关注业绩稳健且安全度较高的龙头房企保利发展、华发股份、招商蛇口、滨江集团等。相关受益标的建议关注越秀地产、绿城中国、中国海外发展、华润置地等；物业板块推荐华润万象生活、中海物业、保利物业、招商积余、绿城服务等。\n\n    风险提示：销售不及预期，房地产政策放松力度不及预期，研究报告中使用的公开资料可能存在信息滞后或更新不及时的风险，第三方数据失真风险。\n 标题 房地产行业周报：周度高频数据持续改善，政策红利助力行业企稳 \n文档[12]\n 房地产行业周报：周度高频数据持续改善，政策红利助力行业企稳\n\n发布时间 2025年03月07日 00时00分00秒\n切片#1：一周行情回顾\n    本周，申万房地产指数下跌1.58%，沪深300指数上涨1%，相对收益为-2.58%，板块表现弱于大盘。\n\n    行业基本面\n    本周(2.14-2.20)，中泰地产组跟踪的38个重点城市一手房合计成交20702套，同比增速109.7%，环比增速24.6%；合计成交面积222.1万平方米，同比增速149.3%，环比增速27.4%。\n\n    本周(2.14-2.20)，中泰地产组跟踪的16个重点城市二手房合计成交17619套，同比增速217.7%，环比增速12.8%；合计成交面积171.4万平方米，同比增速227.4%，环比增速0.3%。本周（2.14-2.20），中泰地产组跟踪的17个重点城市商品房库存面积18824.3万平方米，环比增速0.5%，去化周期131.3周。\n\n    本周（2.10-2.16），土地供给方面，本周供应土地1526.9万平方米，同比增速58%；供应均价963元/平方米，同比增速-20.3%。土地成交方面，本周成交土地2304.5万平方米，同比增速24.5%；土地成交金额309.4亿元，同比增速84.7%。本周土地成交楼面价1343元/平方米，溢价率4.9%。\n\n    本周（2.14-2.20）房地产企业合计发行信用债73.9亿元，同比增速123.9%，环比增速-25.7%。\n\n    投资建议：\n    本周作为节后第二周，行业基本面数据呈现显著回暖，一手房、二手房成交同比增速均超100%，环比也有双位数的增长，土地市场活跃度提升，叠加中央及地方政策持续释放利好，行业短期修复动能强劲。稳健的房企仍然是投资重点，建议关注财务稳健、业绩表现良好的龙头房企，如越秀地产、华发股份、保利发展、招商蛇口、绿城中国等，在当前政策环境下能够有效应对市场波动；同时随着市场需求的回升，物业管理公司也有望迎来业绩和估值的修复，建议关注华润万象生活、中海物业、招商积余、保利物业、万物云和绿城服务等。\n\n    风险提示：销售不及预期，研究报告中使用的公开资料可能存在信息滞后或更新不及时的风险。']）、参考数据（[""""[[{'涨跌幅[20250716-20250722]': 1.275637, '指数简称': '房地产', '指数代码': '881153.TI'}, {'指数简称': '房地产', '指数代码': '801180.SL'}, {'指数简称': '房地产', '指数代码': '931775.CSI'}], [{'指数简称': '房地产', '指数代码': '801180.SL'}, {'指数简称': '房地产', '指数代码': '931775.CSI'}, {'指数简称': '房地产', '涨跌幅[20250709-20250722]': 3.225788, '指数代码': '881153.TI'}], [{'指数简称': '房地产', '涨跌幅[20250625-20250722]': 8.576711, '指数代码': '881153.TI'}, {'指数简称': '房地产', '指数代码': '931775.CSI'}, {'指数简称': '房地产', '指数代码': '801180.SL'}], [{'收盘价[20250722]': 2866.7888, '指数简称': '房地产', '指数代码': '931775.CSI'}, {'收盘价[20250722]': 1660.329, '指数简称': '房地产', '指数代码': '881153.TI'}, {'指数简称': '房地产', '指数代码': '801180.SL'}], [{'ma5[20250722]': 1641.956, '指数简称': '房地产', '指数代码': '881153.TI'}, {'ma5[20250722]': 1641.956, '指数简称': '房地产', '指数代码': '801180.SL'}, {'ma5[20250722]': 1641.956, '指数简称': '房地产', '指数代码': '931775.CSI'}], [{'ma10[20250722]': 1645.48, '指数简称': '房地产', '指数代码': '881153.TI'}, {'ma10[20250722]': 1645.48, '指数简称': '房地产', '指数代码': '801180.SL'}, {'ma10[20250722]': 1645.48, '指数简称': '房地产', '指数代码': '931775.CSI'}], [{'指数简称': '房地产', 'ma20[20250722]': 1605.03, '指数代码': '881153.TI'}, {'指数简称': '房地产', 'ma20[20250722]': 1605.03, '指数代码': '801180.SL'}, {'指数简称': '房地产', 'ma20[20250722]': 1605.03, '指数代码': '931775.CSI'}], [{'指数简称': '房地产', 'macd[20250722]': 4.92, '指数代码': '881153.TI'}, {'指数简称': '房地产', 'macd[20250722]': 4.92, '指数代码': '801180.SL'}, {'指数简称': '房地产', 'macd[20250722]': 4.92, '指数代码': '931775.CSI'}], [{'指数简称': '房地产', 'kdj[20250722]': 53.25, '指数代码': '881153.TI'}, {'指数简称': '房地产', 'kdj[20250722]': 53.25, '指数代码': '801180.SL'}, {'指数简称': '房地产', 'kdj[20250722]': 53.25, '指数代码': '931775.CSI'}], [{'指数简称': '房地产', '成交额[20250722]': 19401166000.0, '指数代码': '931775.CSI'}, {'指数简称': '房地产', '成交额[20250722]': 17898708000.0, '指数代码': '881153.TI'}, {'指数简称': '房地产', '指数代码': '801180.SL'}], [{'成交额平均值[20250716-20250722]': 19401166000.0, '指数简称': '房地产', '指数代码': '931775.CSI'}, {'成交额平均值[20250716-20250722]': 15664088000.0, '指数简称': '房地产', '指数代码': '881153.TI'}], [{'主力净买入额[20250716-20250722]': -1759260470.0, '指数简称': '房地产', '指数代码': '881153.TI'}], [{'主力净买入额[20250709-20250722]': -4402811390.0, '指数简称': '房地产', '指数代码': '881153.TI'}], [{'指数简称': '房地产', '指数代码': '881153.TI', '主力净买入额[20250625-20250722]': -4067831850.0}], [{'下跌家数[20250722]': 22.0, '上涨家数[20250722]': 60.0, '指数简称': '房地产', '指数代码': '881153.TI'}, {'指数简称': '房地产', '指数代码': '801180.SL'}, {'指数简称': '房地产', '指数代码': '931775.CSI'}], [{'指数简称': '房地产', '涨停家数[20250722]': 2.0, '跌停家数[20250722]': 0.0, '指数代码': '881153.TI'}, {'指数简称': '房地产', '指数代码': '801180.SL'}, {'指数简称': '房地产', '指数代码': '931775.CSI'}], [{'所属概念': ['盐湖提锂', '石墨烯', '锂电池概念', '国企改革', '上海国企改革', '西部大开发', '融资融券', '沪股通', '房地产', '住宅开发'], '股票简称': '西藏城投', '涨跌幅[20250722]': 10.044843, '股票代码': '600773.SH'}, {'所属概念': ['租售同权', 'ST板块', '特色小镇', '物业管理', '雄安新区', 'PPP概念', '国企改革', '央企国企改革', '房地产', '商业地产'], '股票简称': '*ST南置', '涨跌幅[20250722]': 4.8583, '股票代码': '002305.SZ'}, {'所属概念': ['物业管理', '雄安新区', '国企改革', '证金持股', '养老概念', '京津冀一体化', '融资融券', '沪股通', '房地产', '住宅开发'], '股票简称': '首开股份', '涨跌幅[20250722]': 3.546099, '股票代码': '600376.SH'}, {'所属概念': ['天津自贸区', '物业管理', '参股券商', '2025中报预增', '国企改革', '京津冀一体化', '大飞机', '雄安新区', '融资融券', '房地产', '住宅开发'], '股票简称': '天保基建', '涨跌幅[20250722]': 2.974828, '股票代码': '000965.SZ'}, {'所属概念': ['新型城镇化', '国企改革', '证金持股', '粤港澳大湾区', '央企国企改革', '深股通', '融资融券', '房地产', '商业地产'], '股票简称': '大悦城', '涨跌幅[20250722]': 2.657807, '股票代码': '000031.SZ'}]]""""]）和分析方法（${题材板块}分析），以确保给出的回答既精确又全面。此外，你需根据内容逻辑在合适的位置插入给定的数据配图之一，比如K线图应该插入在技术面分析的结尾部分。本轮问题中涉及到的数据配图有这些（数据配图是标准的html代码，请千万不要改变数据配图的内容，只在合适地方原样输出即可）：['<lxzj-lxkf-aigcchart query=""""房地产连续20日主力资金流向""""  quota-info=""""主力资金流向-bar-元"""" graph-type=""""base""""></lxzj-lxkf-aigcchart>', '<lxzj-lxkf-aigcchart query=""""房地产k线图""""  quota-info=""""k线图"""" graph-type=""""kline""""></lxzj-lxkf-aigcchart>']。请基于上述要求，开始你的分析。
分析方法如下：
""该分析方法仅供参考，实际情况需要根据用户的问句进行具体分析。
|分析方法|
|---|
|A股板块分析主要从以下几个维度展开：
1. **走势表现**
- **逻辑**：追踪板块涨跌幅、技术指标和撑压线的情况，分析走势表现。
- **金融查询**：板块今日、5日、10日、20日涨跌幅；板块指数股价、MA5、MA10、MA20、MACD、KDJ；
2. **板块情绪**
- **逻辑**：通过板块的量能变化、板块内个股表现，以及板块主力资金流向，多维度展示板块的整体情绪。
- **金融查询**：板块板块今日成交额、5日日均成交额；板块今日、5日、10日、20日主力资金流向；板块中今日上涨和下跌家数、涨停和跌停家数；板块中今日涨幅前五的个股
3. **板块消息**
- **逻辑**：分析市场板块消息和行业研报，总结当前板块的行业动态和分析师观点。
- **资讯查询**：板块重要资讯、行业分析、行业研报
通过这些逻辑和数据，可以分走势表现、板块情绪和板块消息三大维度，构建出一个行业指数分析的完整框架，以准确且全面地对A股行业指数进行评价。|""
用户问题：房地产板块怎么看？""",,"API调用失败: Client error '401 Unauthorized' for url 'https://api.siliconflow.cn/v1/chat/completions'
For more information check: https://httpstatuses.com/401"
"角色定位：
君弘灵犀，证券基金领域智能投顾问答机器人。请注意，我不具备证券投资顾问资格，无法提供投资建议或市场走势预测。
核心能力：
专业的投资研究、内容总结及分析研判能力，堪比投资专家。
输出内容逻辑严谨、观点鲜明、条理清晰，避免冗长。
任务目标：
基于所提供的资讯、研报、数据等，给出客观、合规且逻辑严密的解答。
回答流程：
理解问题：仔细审视用户提问，准确把握核心需求和关键信息。
筛选信息：从提供的数据中筛选符合分析方法要求、时效性强且与问题相关的信息。
整理思路：参考分析方法，结合有效数据，构建回答框架。若数据不足，则省略相关分析维度。
生成答案：依据整理后的思路和有效信息，形成结论并支持要点。内容需结构明晰、逻辑连贯，并包含数据佐证。支撑要点应包含完整数据、机构观点等。
合规要求：
避免推荐具体股票、ETF、行业板块、概念、公募基金等金融产品。
不预测任何金融产品的市场走势。
仅提供基于“客观资讯”“公开研报”“政策解读”的中立分析，不给出操作建议。
不承诺保本或收益。
保持积极正面的回答态度，符合国家政策和主流精神。
宣传公司品牌、服务及产品时，避免使用极限词汇。
不贬低竞争对手。
不提及“免佣”或类似表述。
不诱导开户或购买行为。
不提示咨询外部专业机构，因用户已在使用本服务。
整体限制：
答案中的数据严格基于下文提供的参考数据，不要使用参考数据中未出现的数据。避免基于历史数据进行推断。参考文档和数据为空的标识：参考文档（[]）、参考数据（[]）。 参考数据和资讯都为空时，不要继续往下做分析，直接返回“暂无相关数据”。参考数据提供的信息不足时，影响分析时，声明“信息不足”。使用参考数据已有数据分析。
若数据仅包含行业排名绝对值，不包含行业公司总数，则只输出排名绝对值，不捏造或推测其他信息。
校验信息时效性，优先使用符合用户要求或最新的信息。按逻辑或时间顺序组织回答。未标明时间的信息视为最新数据。尤其注意资讯或者参考数据中的数据是否是过期的暂态数据，例如不要把过去某一时刻的现价涨跌幅误认为当日涨跌幅，已经过去的当日涨跌幅是用收盘价计算。查询现价涨跌幅用截止此刻现价计算。
引用的政策关键时间节点例如发布时间，需要关注查询当下是否已经发布，已经发布的不要带有预期、预计等字眼。
请在计算或者数字格式转换的时候，请确保数字的精确和准确性
内容结构要求：
段落编号 + 段落标题（粗体 + 非标点符号的emoji图，标题为结论性概括）
段落正文
图表（如有）
视觉元素规范：
分块与标题：使用## + 粗体 + emoji或**标题**划分区块，标题一句话总结观点。
列表：有序/无序列表规范使用。
表格：数据以Markdown表格展示，单元格宽度自适应，内容自动换行。
关键数据：🔹 数据项：<span class=""highlight"">数值</span>形式突出显示。
分隔符：章节间使用---分隔。","""你身为国泰海通证券公司的资深业务专家，现在需要针对用户的问题展开深度分析。在解答过程中，你需要充分利用提供的参考文档（['资讯：\n 标题 杭州两宗住宅用地约18.98亿元成交，余杭区地块溢价率29.65% \n文档[1]\n 2025-07-22 16:06:00:000\n发布时间 杭州两宗住宅用地约18.98亿元成交，余杭区地块溢价率29.65%\n切片#1\n 7月22日，杭州市区2025年第二十批住宅用地正式出让，根据成交结果，两宗地块均溢价成交，共计成交金额约18.98亿元。 此次出让的地块分别位于拱墅区和余杭区，共计出让土地面积约50653平方米，出让建筑面积111657.3平方米，出让起始价约15.23亿元，两宗地块用途均为住宅（设配套公建）用地。 其中，杭政储出[2025]91号即拱墅区石桥单元GS130201-40地块，东至油车港绿化，南至桦枫居，西至地块，北至永华街。地块的出让面积为14157平方米，出让建筑面积为24066.9平方米，出让起始价为34310万元，折合起始楼面价为14256元/平方米。 竞价记录显示，该地块经过6轮竞价后，由杭州西湖房地产集团有限公司以36810万元竞得，成交楼面价为15295元/平方米，溢价率7.29%。 该地块西侧的杭政储出[2025]9号地块于今年2月成交。彼时，经过31轮竞价后，由杭州滨江房产集团股份有限公司以106607万元竞得地块，成交楼面价17347元/平方米，溢价率22.39%。 此次出让的另一宗地块为余杭区良渚东单元YH030304-08地块，地块编号杭政储出[2025]92号。地块东至上祥路，南至油车桥港北侧绿带，西至杭行路东侧绿带，北至通运街。地块的出让面积为36496平方米，出让建筑面积为87590.4平方米，出让价格为118037万元，折合起始楼面价为13476元/平方米。 竞价记录显示，余杭区地块经过35轮竞价后，由杭州滨江房产集团股份有限公司以153037万元竞得，成交楼面价为17472元/平方米，溢价率29.65%。 中指研究院华东大区常务副总高院生指出，杭州本次土拍较15日土拍有所升温，但市场持续分化，局部板块继续降温。比如今日出让的拱墅石桥单元虽容积率仅1.7且地块规模不大，但受近期所在区域市场预期下降影响，房企拿地更加理性，拿地楼面价相比前期滨江地块下降2000元/平米，进一步反映出局部市场转弱，从而影响房企竞价更加谨慎。\n\n 标题 中诚信托引金融活水 助力珠海保障性住房体系建设 \n文档[2]\n 2025-07-22 15:31:09:000\n发布时间 中诚信托引金融活水 助力珠海保障性住房体系建设\n切片#1\n \u3000\u3000中证报中证网讯（王珞）近期，中诚信托设立了“中诚信托-安居1号集合资金信托计划”，与珠海华发集团有限公司（下称“华发集团”）旗下子公司开展合作，用于支持珠海市安居集团有限公司（下称“安居集团”）收购存量商品房用作保障性住房，提高保障性住房收购和运营效率，助力珠海进一步完善“保障+市场”住房供应体系。 \u3000\u3000党的二十届三中全会审议通过的《中共中央关于进一步全面深化改革、推进中国式现代化的决定》提出：“加快建立租购并举的住房制度，加快构建房地产发展新模式。加大保障性住房建设和供给，满足工薪群体刚性住房需求。支持城乡居民多样化改善性住房需求。”随后召开的政治局会议对保障性住房供给作了专门部署，会议提出“坚持消化存量和优化增量相结合，积极支持收购存量商品房用作保障性住房。”此后，存量房收购工作加速，广州、深圳、杭州等多个城市已落地存量商品房收储工作。 \u3000\u3000华发集团以安居集团作为珠海市安居住房投资建设的运营主体，向华发集团旗下子公司珠海华发实业股份有限公司（下称“华发股份”）收购存量商品房用于增加保障性、人才安居和商业租赁住房供给，以满足中低收入家庭、产业人才及新市民的多元化居住需求。 \u3000\u3000在本次合作中，中诚信托发挥信托产品可定制化的优势，通过投资相关标的，为收购存量商品房用作保障性住房提供金融支持。该项目以“金融+保障房”模式盘活存量资产，积极响应国家“加快建立租购并举的住房制度，加快构建房地产发展新模式”的号召，是公司推动房地产市场健康发展、增进民生福祉的典型案例。 \u3000\u3000下一步，中诚信托将继续发挥信托制度优势，持续为保障性住房建设和供给等提供金融支持，助力构建房地产发展新模式，促进房地产高质量发展。\n\n 标题 银河证券：在政策的加持下，地产板块的配置价值凸显 \n文档[3]\n 2025-07-18 08:23:18:000\n发布时间 银河证券：在政策的加持下，地产板块的配置价值凸显\n切片#1\n 人民财讯7月18日电，银河证券指出，受到基数影响，前6月全国商品房累计销售表现为负增长，6月单月同比表现承压。随着7月城市工作会议再次提到地产新模式、城中村改造和危旧房改造，楼市有望逐渐止跌回稳。在政策的加持下，地产板块的配置价值凸显。银河证券认为头部房企展现优秀的运营管理能力具有资金优势，市占率有望进一步抬升。\n\n 标题 王国龙将退任领展集团行政总裁 \n文档[4]\n 2025-07-22 11:30:17:000\n发布时间 王国龙将退任领展集团行政总裁\n切片#1\n 【导读】王国龙将退任领展集团行政总裁 中国基金报记者 郭玟君 7月22日，领展房地产投资信托基金（以下简称领展房托）的管理人——领展资产管理有限公司（以下简称领展）董事会（以下简称董事会）宣布，集团行政总裁王国龙在这家聚焦亚洲的领先房地产投资者及管理公司服务逾16年后，决定退休。 王国龙决定退休 正值领展房托将迎上市20周年 领展房托是亚洲最大的房地产投资信托基金。领展在管理领展房托及其房地产投资组合的同时，亦致力利用其投资管理能力，透过旗下业务——领展房地产投资，为资本伙伴提供可靠的投资管理服务。 王国龙的退休决定，正值领展即将于2025年11月庆祝领展房托上市20周年。自成立以来，领展已从一家单一市场、单一资产类别的营运者，蜕变为亚洲领先的房地产投资者和管理人之一。 领展透露，董事会将展开全面的甄选程序，物色合适继任人，领导集团的下一阶段发展。王国龙将在过渡期间协助集团顺利交接。 领展董事会主席欧敦勤表示：“领展拥有一支稳健且表现卓越的领导团队。我们将坚守既定策略，继续专注于积极管理和优化领展房托的物业组合，同时拓展房地产投资管理平台。在充满挑战的市场环境下，领展展现出强韧的抗逆能力，反映业务基础稳固。随着‘领展房地产投资’业务的推出，我们在投资平台多元化方面亦迈出重要一步，致力为资本合作伙伴提供专业服务。” 董事会主席高度评价王国龙卓越贡献 领展提供的资料显示，王国龙现年63岁，分别于2009年2月及2010年5月起出任领展执行董事及集团行政总裁，同时还是领展的财务及投资委员会成员。他同时任领展根据证券及期货条例所委任的其中一名负责人员以及The Link Holdings Limited、领展物业有限公司、The Link Finance Limited及领展房托若干附属公司的董事。 此外，王国龙还兼任多个社会团体职务，包括盈富基金的监督委员会主席、宾夕法尼亚大学的受托人、城市土地学会的管治受托人、香港大学房地产及建设系客席教授、团结香港基金有限公司之顾问及香港公益金投资小组委员会委员。 欧敦勤表示：“过去16年来，王国龙领导领展不断成长和转型，为基金单位持有人、商户、员工和我们服务的广大小区带来裨益。我谨代表董事会和领展全体员工，衷心感谢他多年来所作出的卓越贡献，并期待在过渡期间继续携手推动集团发展。” 王国龙表示：“能够在领展持续成长和发展的关键阶段担任集团行政总裁，我深感荣幸。近年来，我们积极强化集团的领导架构。我对现有管理层充满信心，并相信已为领展迈向下一阶段的发展建立合适的团队。我将继续与主席、董事会以及管理层紧密合作，进一步巩固领展未来发展的根基，以迎接新篇章。” 领展房托2024/2025财年营业收入同比增长4.8%至142.23亿港元，净物业收入增长5.5%至106.19亿港元。可分配收入同比上升4.6%至70.25亿港元，高于市场预期。 交银国际发布研报表示，维持对领展房托（823 HK）“买入”评级，目标价为47.70港元。 交银国际认为，尽管领展房托每单位资产净值（NAV per unit）同比下降9.6%至63.30港元，但公司派息表现稳健，全年每单位派息（DPU）达2.7234港元，高于市场预期约1%。交银国际分析师认为，非香港市场的零售物业租金增长可抵消香港本地的轻微租金压力，整体租金水平有望在2026财年保持稳定，同时降息及房地产信托纳入港股通将构成中长期股价催化剂。 编辑：江右 校对：王玥 制作：舰长 审核：陈墨\n\n 标题 中国房协举办房地产债务重组重整培训班 \n文档[5]\n 2025-07-22 11:03:48:000\n发布时间 中国房协举办房地产债务重组重整培训班\n切片#1\n 据中国房地产业协会消息，2025年7月16-18日，中国房地产业协会在江苏省南通市组织举办房地产债务重组重整培训班。此次培训由中国房协法律工作委员会和金融分会承办，南通市房地产业协会协办，得到了江苏、浙江、上海等地房协支持。170余名来自地方住建部门、房地产开发企业、商业银行、资产管理公司、律所、行业协会等机构人员参加培训。后续中国房协将围绕资产盘活、债务化解主题，持续开展研讨交流和培训活动，相关成果也将整理形成报告送有关部门，努力为行业争取更优的政策环境。为推动房地产“止跌回稳”和健康发展发挥协会作用。\n\n 标题 中泰证券：现房销售政策将深远影响房地产行业 \n文档[6]\n 中泰证券：现房销售政策将深远影响房地产行业\n\n发布时间 2025-07-22 07:53:34切片#1\n 中泰证券的研究报告指出，现房销售政策的实施将对房地产行业的发展和房企的经营模式产生深远的影响。为了评估这一政策的长期效果，我们需要密切关注地方政府的执行情况以及相关配套支持政策的出台。报告建议关注那些在一二线城市有布局、基本面稳健且安全边际较高的房企，这些因素将为投资者提供更好的中长期配置机会。此外\n\n 标题 赚钱的房企，还剩三成 \n文档[7]\n 赚钱的房企，还剩三成\n\n发布时间 2025-07-18 17:47:40切片#1\n （原标题：赚钱的房企，还剩三成） 文/乐居财经 李兰&nbsp;&nbsp;在市场持续调整背景下，房企正经历严峻考验。&nbsp;据Wind数据，截至7月17日，A股已有67家房企发布2025年上半年业绩预告，其中47家陷入亏损，占比达70%，仅20家房企盈利，占比三成，行业整体承压态势明显。&nb\n\n 标题 “因城施策”成效明显 房地产朝止跌回稳方向迈进 \n文档[8]\n “因城施策”成效明显 房地产朝止跌回稳方向迈进\n\n发布时间 2025-07-16 01:28:34切片#1\n “因城施策”成效明显 房地产朝止跌回稳方向迈进 2025-07-16 00:15&nbsp;&nbsp;来源：证券日报\u2002 \u2002\u2002\u2002\u2002本报记者 孟珂 \u2002\u2002\u2002\u20027月15日，国家统计局发布数据显示，2025年6月份，70个大中城市中，各线城市商品住宅销售价格环比下降，同比降幅整体继续收窄。 \u2002\u2002\u2002\u2002国家统计\n\n 标题 国家统计局：上半年全国新建商品房销售额约4.4万亿元，待售面积连续四个月减少 \n文档[9]\n 国家统计局：上半年全国新建商品房销售额约4.4万亿元，待售面积连续四个月减少\n\n发布时间 2025-07-15 19:41:41切片#1\n 7月15日，国家统计局发布2025年上半年全国房地产市场基本情况。数据显示，房地产开发投资等多项指标仍处筑底阶段，但市场交易量、价格及房地产市场资金来源等方面均有所改善，去库存也取得了积极成效，全国商品房待售面积已连续四个月减少。国家统计局数据显示，1—6月份，全国房地产开发投资46658亿元，同比\n\n 标题 统计局谈楼市：市场筑底转型，上海行情复苏，中央部署新路径 \n文档[10]\n 统计局谈楼市：市场筑底转型，上海行情复苏，中央部署新路径\n\n发布时间 2025-07-15 16:21:49切片#1\n 国家统计局副局长盛来运在7月15日的国新办新闻发布会上指出，当前房地产销售面积和销售金额均有所下降，市场筑底和转型阶段相关指标的波动是正常现象。为促进市场止跌回稳，需加大推动力度。据国家统计局数据，上半年全国新建商品房销售面积同比下降3.5%，但降幅较去年同期和全年均有所收窄。商品房销售金额下降5.\n研报：\n 标题 房地产行业2025年Q2土地市场总结：土地市场温和复苏，市场回归理性 \n文档[11]\n 房地产行业2025年Q2土地市场总结：土地市场温和复苏，市场回归理性\n\n发布时间 2025年07月13日 16时00分00秒\n切片#1：2025Q2全国土地供应及成交情况\n    土地推出建面方面，2025年Q2全国供给土地规划建面6.52亿方，同比增速为-7.02%。土地出让金方面，2025年Q2全国实现土地出让金0.63万亿，同比增速为11.56%。\n\n    从溢价率数据来看，2025年Q2土地出让平均溢价率5.83%，相比2024年Q2上升3.01个百分点。从城市能级来看，2025年Q2一线、二线、三四线城市土地出让溢价率平均值分别为5.38%、8.20%、3.20%。从单月数据来看，2025年6月全国、一线、二线、三四线溢价率分别为4.91%、4.62%、6.45%、2.75%。\n\n    流拍率方面，2025年Q2平均流拍率为10.20%，2024年Q2流拍率为16.92%，同比下降6.71个百分点。2025年Q2，4-6月流拍率分别为12.11%、14.37%、3.58%。\n\n    高总价及高溢价率地块的城市分析\n    2025年Q2高总价地块数共有3宗，主要分布在一线城市和重点二线城市。从城市分布来看，2025年Q2总价超过50亿元的地块北京有2块、杭州有1块。\n\n    从高溢价率城市数量来看，2025年4月，全口径土地溢价率超过20%的城市数目为11城（5月、6月分别为14、9城）；溢价率超过30%的城市数目为7城（5月、6月分别为9、8城）。\n\n    住宅口径土地溢价率方面，2025年4月，土地溢价率超过20%的城市数目为11城（5月、6月分别为16、10城）；溢价率超过30%的城市数目为6城（5月、6月分别为8、5城）。从绝对数值来看，浙江、江苏和广东的累计土地出让金排名全国前三。\n\n    投资建议：2025年Q2土地市场温和复苏：推出建面和成交建面同比下降，土地出让金由于去年基期数据较低，同比小幅增长。由于一二线城市溢价率大幅下降，5、6月全国溢价率也回到5%以内。流拍率同比也下降。土地市场供需双方都在回归理性。三四线城市相较一二线城市依旧表现低迷。投资方面，当前房地产销售市场与土地市场都处于复苏期，政策环境持续发力，也为近年来最宽松的时候，预计板块的估值会随着政策呵护持续修复，建议关注业绩稳健且安全度较高的龙头房企保利发展、华发股份、招商蛇口、滨江集团等。相关受益标的建议关注越秀地产、绿城中国、中国海外发展、华润置地等；物业板块推荐华润万象生活、中海物业、保利物业、招商积余、绿城服务等。\n\n    风险提示：销售不及预期，房地产政策放松力度不及预期，研究报告中使用的公开资料可能存在信息滞后或更新不及时的风险，第三方数据失真风险。\n 标题 房地产行业周报：周度高频数据持续改善，政策红利助力行业企稳 \n文档[12]\n 房地产行业周报：周度高频数据持续改善，政策红利助力行业企稳\n\n发布时间 2025年03月07日 00时00分00秒\n切片#1：一周行情回顾\n    本周，申万房地产指数下跌1.58%，沪深300指数上涨1%，相对收益为-2.58%，板块表现弱于大盘。\n\n    行业基本面\n    本周(2.14-2.20)，中泰地产组跟踪的38个重点城市一手房合计成交20702套，同比增速109.7%，环比增速24.6%；合计成交面积222.1万平方米，同比增速149.3%，环比增速27.4%。\n\n    本周(2.14-2.20)，中泰地产组跟踪的16个重点城市二手房合计成交17619套，同比增速217.7%，环比增速12.8%；合计成交面积171.4万平方米，同比增速227.4%，环比增速0.3%。本周（2.14-2.20），中泰地产组跟踪的17个重点城市商品房库存面积18824.3万平方米，环比增速0.5%，去化周期131.3周。\n\n    本周（2.10-2.16），土地供给方面，本周供应土地1526.9万平方米，同比增速58%；供应均价963元/平方米，同比增速-20.3%。土地成交方面，本周成交土地2304.5万平方米，同比增速24.5%；土地成交金额309.4亿元，同比增速84.7%。本周土地成交楼面价1343元/平方米，溢价率4.9%。\n\n    本周（2.14-2.20）房地产企业合计发行信用债73.9亿元，同比增速123.9%，环比增速-25.7%。\n\n    投资建议：\n    本周作为节后第二周，行业基本面数据呈现显著回暖，一手房、二手房成交同比增速均超100%，环比也有双位数的增长，土地市场活跃度提升，叠加中央及地方政策持续释放利好，行业短期修复动能强劲。稳健的房企仍然是投资重点，建议关注财务稳健、业绩表现良好的龙头房企，如越秀地产、华发股份、保利发展、招商蛇口、绿城中国等，在当前政策环境下能够有效应对市场波动；同时随着市场需求的回升，物业管理公司也有望迎来业绩和估值的修复，建议关注华润万象生活、中海物业、招商积余、保利物业、万物云和绿城服务等。\n\n    风险提示：销售不及预期，研究报告中使用的公开资料可能存在信息滞后或更新不及时的风险。']）、参考数据（[""""[[{'涨跌幅[20250716-20250722]': 1.275637, '指数简称': '房地产', '指数代码': '881153.TI'}, {'指数简称': '房地产', '指数代码': '801180.SL'}, {'指数简称': '房地产', '指数代码': '931775.CSI'}], [{'指数简称': '房地产', '指数代码': '801180.SL'}, {'指数简称': '房地产', '指数代码': '931775.CSI'}, {'指数简称': '房地产', '涨跌幅[20250709-20250722]': 3.225788, '指数代码': '881153.TI'}], [{'指数简称': '房地产', '涨跌幅[20250625-20250722]': 8.576711, '指数代码': '881153.TI'}, {'指数简称': '房地产', '指数代码': '931775.CSI'}, {'指数简称': '房地产', '指数代码': '801180.SL'}], [{'收盘价[20250722]': 2866.7888, '指数简称': '房地产', '指数代码': '931775.CSI'}, {'收盘价[20250722]': 1660.329, '指数简称': '房地产', '指数代码': '881153.TI'}, {'指数简称': '房地产', '指数代码': '801180.SL'}], [{'ma5[20250722]': 1641.956, '指数简称': '房地产', '指数代码': '881153.TI'}, {'ma5[20250722]': 1641.956, '指数简称': '房地产', '指数代码': '801180.SL'}, {'ma5[20250722]': 1641.956, '指数简称': '房地产', '指数代码': '931775.CSI'}], [{'ma10[20250722]': 1645.48, '指数简称': '房地产', '指数代码': '881153.TI'}, {'ma10[20250722]': 1645.48, '指数简称': '房地产', '指数代码': '801180.SL'}, {'ma10[20250722]': 1645.48, '指数简称': '房地产', '指数代码': '931775.CSI'}], [{'指数简称': '房地产', 'ma20[20250722]': 1605.03, '指数代码': '881153.TI'}, {'指数简称': '房地产', 'ma20[20250722]': 1605.03, '指数代码': '801180.SL'}, {'指数简称': '房地产', 'ma20[20250722]': 1605.03, '指数代码': '931775.CSI'}], [{'指数简称': '房地产', 'macd[20250722]': 4.92, '指数代码': '881153.TI'}, {'指数简称': '房地产', 'macd[20250722]': 4.92, '指数代码': '801180.SL'}, {'指数简称': '房地产', 'macd[20250722]': 4.92, '指数代码': '931775.CSI'}], [{'指数简称': '房地产', 'kdj[20250722]': 53.25, '指数代码': '881153.TI'}, {'指数简称': '房地产', 'kdj[20250722]': 53.25, '指数代码': '801180.SL'}, {'指数简称': '房地产', 'kdj[20250722]': 53.25, '指数代码': '931775.CSI'}], [{'指数简称': '房地产', '成交额[20250722]': 19401166000.0, '指数代码': '931775.CSI'}, {'指数简称': '房地产', '成交额[20250722]': 17898708000.0, '指数代码': '881153.TI'}, {'指数简称': '房地产', '指数代码': '801180.SL'}], [{'成交额平均值[20250716-20250722]': 19401166000.0, '指数简称': '房地产', '指数代码': '931775.CSI'}, {'成交额平均值[20250716-20250722]': 15664088000.0, '指数简称': '房地产', '指数代码': '881153.TI'}], [{'主力净买入额[20250716-20250722]': -1759260470.0, '指数简称': '房地产', '指数代码': '881153.TI'}], [{'主力净买入额[20250709-20250722]': -4402811390.0, '指数简称': '房地产', '指数代码': '881153.TI'}], [{'指数简称': '房地产', '指数代码': '881153.TI', '主力净买入额[20250625-20250722]': -4067831850.0}], [{'下跌家数[20250722]': 22.0, '上涨家数[20250722]': 60.0, '指数简称': '房地产', '指数代码': '881153.TI'}, {'指数简称': '房地产', '指数代码': '801180.SL'}, {'指数简称': '房地产', '指数代码': '931775.CSI'}], [{'指数简称': '房地产', '涨停家数[20250722]': 2.0, '跌停家数[20250722]': 0.0, '指数代码': '881153.TI'}, {'指数简称': '房地产', '指数代码': '801180.SL'}, {'指数简称': '房地产', '指数代码': '931775.CSI'}], [{'所属概念': ['盐湖提锂', '石墨烯', '锂电池概念', '国企改革', '上海国企改革', '西部大开发', '融资融券', '沪股通', '房地产', '住宅开发'], '股票简称': '西藏城投', '涨跌幅[20250722]': 10.044843, '股票代码': '600773.SH'}, {'所属概念': ['租售同权', 'ST板块', '特色小镇', '物业管理', '雄安新区', 'PPP概念', '国企改革', '央企国企改革', '房地产', '商业地产'], '股票简称': '*ST南置', '涨跌幅[20250722]': 4.8583, '股票代码': '002305.SZ'}, {'所属概念': ['物业管理', '雄安新区', '国企改革', '证金持股', '养老概念', '京津冀一体化', '融资融券', '沪股通', '房地产', '住宅开发'], '股票简称': '首开股份', '涨跌幅[20250722]': 3.546099, '股票代码': '600376.SH'}, {'所属概念': ['天津自贸区', '物业管理', '参股券商', '2025中报预增', '国企改革', '京津冀一体化', '大飞机', '雄安新区', '融资融券', '房地产', '住宅开发'], '股票简称': '天保基建', '涨跌幅[20250722]': 2.974828, '股票代码': '000965.SZ'}, {'所属概念': ['新型城镇化', '国企改革', '证金持股', '粤港澳大湾区', '央企国企改革', '深股通', '融资融券', '房地产', '商业地产'], '股票简称': '大悦城', '涨跌幅[20250722]': 2.657807, '股票代码': '000031.SZ'}]]""""]）和分析方法（${题材板块}分析），以确保给出的回答既精确又全面。此外，你需根据内容逻辑在合适的位置插入给定的数据配图之一，比如K线图应该插入在技术面分析的结尾部分。本轮问题中涉及到的数据配图有这些（数据配图是标准的html代码，请千万不要改变数据配图的内容，只在合适地方原样输出即可）：['<lxzj-lxkf-aigcchart query=""""房地产连续20日主力资金流向""""  quota-info=""""主力资金流向-bar-元"""" graph-type=""""base""""></lxzj-lxkf-aigcchart>', '<lxzj-lxkf-aigcchart query=""""房地产k线图""""  quota-info=""""k线图"""" graph-type=""""kline""""></lxzj-lxkf-aigcchart>']。请基于上述要求，开始你的分析。
分析方法如下：
""该分析方法仅供参考，实际情况需要根据用户的问句进行具体分析。
|分析方法|
|---|
|A股板块分析主要从以下几个维度展开：
1. **走势表现**
- **逻辑**：追踪板块涨跌幅、技术指标和撑压线的情况，分析走势表现。
- **金融查询**：板块今日、5日、10日、20日涨跌幅；板块指数股价、MA5、MA10、MA20、MACD、KDJ；
2. **板块情绪**
- **逻辑**：通过板块的量能变化、板块内个股表现，以及板块主力资金流向，多维度展示板块的整体情绪。
- **金融查询**：板块板块今日成交额、5日日均成交额；板块今日、5日、10日、20日主力资金流向；板块中今日上涨和下跌家数、涨停和跌停家数；板块中今日涨幅前五的个股
3. **板块消息**
- **逻辑**：分析市场板块消息和行业研报，总结当前板块的行业动态和分析师观点。
- **资讯查询**：板块重要资讯、行业分析、行业研报
通过这些逻辑和数据，可以分走势表现、板块情绪和板块消息三大维度，构建出一个行业指数分析的完整框架，以准确且全面地对A股行业指数进行评价。|""
用户问题：房地产板块怎么看？""",,"API调用失败: Client error '401 Unauthorized' for url 'https://api.siliconflow.cn/v1/chat/completions'
For more information check: https://httpstatuses.com/401"
"角色定位：
君弘灵犀，证券基金领域智能投顾问答机器人。请注意，我不具备证券投资顾问资格，无法提供投资建议或市场走势预测。
核心能力：
专业的投资研究、内容总结及分析研判能力，堪比投资专家。
输出内容逻辑严谨、观点鲜明、条理清晰，避免冗长。
任务目标：
基于所提供的资讯、研报、数据等，给出客观、合规且逻辑严密的解答。
回答流程：
理解问题：仔细审视用户提问，准确把握核心需求和关键信息。
筛选信息：从提供的数据中筛选符合分析方法要求、时效性强且与问题相关的信息。
整理思路：参考分析方法，结合有效数据，构建回答框架。若数据不足，则省略相关分析维度。
生成答案：依据整理后的思路和有效信息，形成结论并支持要点。内容需结构明晰、逻辑连贯，并包含数据佐证。支撑要点应包含完整数据、机构观点等。
合规要求：
避免推荐具体股票、ETF、行业板块、概念、公募基金等金融产品。
不预测任何金融产品的市场走势。
仅提供基于“客观资讯”“公开研报”“政策解读”的中立分析，不给出操作建议。
不承诺保本或收益。
保持积极正面的回答态度，符合国家政策和主流精神。
宣传公司品牌、服务及产品时，避免使用极限词汇。
不贬低竞争对手。
不提及“免佣”或类似表述。
不诱导开户或购买行为。
不提示咨询外部专业机构，因用户已在使用本服务。
整体限制：
答案中的数据严格基于下文提供的参考数据，不要使用参考数据中未出现的数据。避免基于历史数据进行推断。参考文档和数据为空的标识：参考文档（[]）、参考数据（[]）。 参考数据和资讯都为空时，不要继续往下做分析，直接返回“暂无相关数据”。参考数据提供的信息不足时，影响分析时，声明“信息不足”。使用参考数据已有数据分析。
若数据仅包含行业排名绝对值，不包含行业公司总数，则只输出排名绝对值，不捏造或推测其他信息。
校验信息时效性，优先使用符合用户要求或最新的信息。按逻辑或时间顺序组织回答。未标明时间的信息视为最新数据。尤其注意资讯或者参考数据中的数据是否是过期的暂态数据，例如不要把过去某一时刻的现价涨跌幅误认为当日涨跌幅，已经过去的当日涨跌幅是用收盘价计算。查询现价涨跌幅用截止此刻现价计算。
引用的政策关键时间节点例如发布时间，需要关注查询当下是否已经发布，已经发布的不要带有预期、预计等字眼。
请在计算或者数字格式转换的时候，请确保数字的精确和准确性
内容结构要求：
段落编号 + 段落标题（粗体 + 非标点符号的emoji图，标题为结论性概括）
段落正文
图表（如有）
视觉元素规范：
分块与标题：使用## + 粗体 + emoji或**标题**划分区块，标题一句话总结观点。
列表：有序/无序列表规范使用。
表格：数据以Markdown表格展示，单元格宽度自适应，内容自动换行。
关键数据：🔹 数据项：<span class=""highlight"">数值</span>形式突出显示。
分隔符：章节间使用---分隔。","""你身为国泰海通证券公司的资深业务专家，现在需要针对用户的问题展开深度分析。在解答过程中，你需要充分利用提供的参考文档（['资讯：\n 标题 杭州两宗住宅用地约18.98亿元成交，余杭区地块溢价率29.65% \n文档[1]\n 2025-07-22 16:06:00:000\n发布时间 杭州两宗住宅用地约18.98亿元成交，余杭区地块溢价率29.65%\n切片#1\n 7月22日，杭州市区2025年第二十批住宅用地正式出让，根据成交结果，两宗地块均溢价成交，共计成交金额约18.98亿元。 此次出让的地块分别位于拱墅区和余杭区，共计出让土地面积约50653平方米，出让建筑面积111657.3平方米，出让起始价约15.23亿元，两宗地块用途均为住宅（设配套公建）用地。 其中，杭政储出[2025]91号即拱墅区石桥单元GS130201-40地块，东至油车港绿化，南至桦枫居，西至地块，北至永华街。地块的出让面积为14157平方米，出让建筑面积为24066.9平方米，出让起始价为34310万元，折合起始楼面价为14256元/平方米。 竞价记录显示，该地块经过6轮竞价后，由杭州西湖房地产集团有限公司以36810万元竞得，成交楼面价为15295元/平方米，溢价率7.29%。 该地块西侧的杭政储出[2025]9号地块于今年2月成交。彼时，经过31轮竞价后，由杭州滨江房产集团股份有限公司以106607万元竞得地块，成交楼面价17347元/平方米，溢价率22.39%。 此次出让的另一宗地块为余杭区良渚东单元YH030304-08地块，地块编号杭政储出[2025]92号。地块东至上祥路，南至油车桥港北侧绿带，西至杭行路东侧绿带，北至通运街。地块的出让面积为36496平方米，出让建筑面积为87590.4平方米，出让价格为118037万元，折合起始楼面价为13476元/平方米。 竞价记录显示，余杭区地块经过35轮竞价后，由杭州滨江房产集团股份有限公司以153037万元竞得，成交楼面价为17472元/平方米，溢价率29.65%。 中指研究院华东大区常务副总高院生指出，杭州本次土拍较15日土拍有所升温，但市场持续分化，局部板块继续降温。比如今日出让的拱墅石桥单元虽容积率仅1.7且地块规模不大，但受近期所在区域市场预期下降影响，房企拿地更加理性，拿地楼面价相比前期滨江地块下降2000元/平米，进一步反映出局部市场转弱，从而影响房企竞价更加谨慎。\n\n 标题 中诚信托引金融活水 助力珠海保障性住房体系建设 \n文档[2]\n 2025-07-22 15:31:09:000\n发布时间 中诚信托引金融活水 助力珠海保障性住房体系建设\n切片#1\n \u3000\u3000中证报中证网讯（王珞）近期，中诚信托设立了“中诚信托-安居1号集合资金信托计划”，与珠海华发集团有限公司（下称“华发集团”）旗下子公司开展合作，用于支持珠海市安居集团有限公司（下称“安居集团”）收购存量商品房用作保障性住房，提高保障性住房收购和运营效率，助力珠海进一步完善“保障+市场”住房供应体系。 \u3000\u3000党的二十届三中全会审议通过的《中共中央关于进一步全面深化改革、推进中国式现代化的决定》提出：“加快建立租购并举的住房制度，加快构建房地产发展新模式。加大保障性住房建设和供给，满足工薪群体刚性住房需求。支持城乡居民多样化改善性住房需求。”随后召开的政治局会议对保障性住房供给作了专门部署，会议提出“坚持消化存量和优化增量相结合，积极支持收购存量商品房用作保障性住房。”此后，存量房收购工作加速，广州、深圳、杭州等多个城市已落地存量商品房收储工作。 \u3000\u3000华发集团以安居集团作为珠海市安居住房投资建设的运营主体，向华发集团旗下子公司珠海华发实业股份有限公司（下称“华发股份”）收购存量商品房用于增加保障性、人才安居和商业租赁住房供给，以满足中低收入家庭、产业人才及新市民的多元化居住需求。 \u3000\u3000在本次合作中，中诚信托发挥信托产品可定制化的优势，通过投资相关标的，为收购存量商品房用作保障性住房提供金融支持。该项目以“金融+保障房”模式盘活存量资产，积极响应国家“加快建立租购并举的住房制度，加快构建房地产发展新模式”的号召，是公司推动房地产市场健康发展、增进民生福祉的典型案例。 \u3000\u3000下一步，中诚信托将继续发挥信托制度优势，持续为保障性住房建设和供给等提供金融支持，助力构建房地产发展新模式，促进房地产高质量发展。\n\n 标题 银河证券：在政策的加持下，地产板块的配置价值凸显 \n文档[3]\n 2025-07-18 08:23:18:000\n发布时间 银河证券：在政策的加持下，地产板块的配置价值凸显\n切片#1\n 人民财讯7月18日电，银河证券指出，受到基数影响，前6月全国商品房累计销售表现为负增长，6月单月同比表现承压。随着7月城市工作会议再次提到地产新模式、城中村改造和危旧房改造，楼市有望逐渐止跌回稳。在政策的加持下，地产板块的配置价值凸显。银河证券认为头部房企展现优秀的运营管理能力具有资金优势，市占率有望进一步抬升。\n\n 标题 王国龙将退任领展集团行政总裁 \n文档[4]\n 2025-07-22 11:30:17:000\n发布时间 王国龙将退任领展集团行政总裁\n切片#1\n 【导读】王国龙将退任领展集团行政总裁 中国基金报记者 郭玟君 7月22日，领展房地产投资信托基金（以下简称领展房托）的管理人——领展资产管理有限公司（以下简称领展）董事会（以下简称董事会）宣布，集团行政总裁王国龙在这家聚焦亚洲的领先房地产投资者及管理公司服务逾16年后，决定退休。 王国龙决定退休 正值领展房托将迎上市20周年 领展房托是亚洲最大的房地产投资信托基金。领展在管理领展房托及其房地产投资组合的同时，亦致力利用其投资管理能力，透过旗下业务——领展房地产投资，为资本伙伴提供可靠的投资管理服务。 王国龙的退休决定，正值领展即将于2025年11月庆祝领展房托上市20周年。自成立以来，领展已从一家单一市场、单一资产类别的营运者，蜕变为亚洲领先的房地产投资者和管理人之一。 领展透露，董事会将展开全面的甄选程序，物色合适继任人，领导集团的下一阶段发展。王国龙将在过渡期间协助集团顺利交接。 领展董事会主席欧敦勤表示：“领展拥有一支稳健且表现卓越的领导团队。我们将坚守既定策略，继续专注于积极管理和优化领展房托的物业组合，同时拓展房地产投资管理平台。在充满挑战的市场环境下，领展展现出强韧的抗逆能力，反映业务基础稳固。随着‘领展房地产投资’业务的推出，我们在投资平台多元化方面亦迈出重要一步，致力为资本合作伙伴提供专业服务。” 董事会主席高度评价王国龙卓越贡献 领展提供的资料显示，王国龙现年63岁，分别于2009年2月及2010年5月起出任领展执行董事及集团行政总裁，同时还是领展的财务及投资委员会成员。他同时任领展根据证券及期货条例所委任的其中一名负责人员以及The Link Holdings Limited、领展物业有限公司、The Link Finance Limited及领展房托若干附属公司的董事。 此外，王国龙还兼任多个社会团体职务，包括盈富基金的监督委员会主席、宾夕法尼亚大学的受托人、城市土地学会的管治受托人、香港大学房地产及建设系客席教授、团结香港基金有限公司之顾问及香港公益金投资小组委员会委员。 欧敦勤表示：“过去16年来，王国龙领导领展不断成长和转型，为基金单位持有人、商户、员工和我们服务的广大小区带来裨益。我谨代表董事会和领展全体员工，衷心感谢他多年来所作出的卓越贡献，并期待在过渡期间继续携手推动集团发展。” 王国龙表示：“能够在领展持续成长和发展的关键阶段担任集团行政总裁，我深感荣幸。近年来，我们积极强化集团的领导架构。我对现有管理层充满信心，并相信已为领展迈向下一阶段的发展建立合适的团队。我将继续与主席、董事会以及管理层紧密合作，进一步巩固领展未来发展的根基，以迎接新篇章。” 领展房托2024/2025财年营业收入同比增长4.8%至142.23亿港元，净物业收入增长5.5%至106.19亿港元。可分配收入同比上升4.6%至70.25亿港元，高于市场预期。 交银国际发布研报表示，维持对领展房托（823 HK）“买入”评级，目标价为47.70港元。 交银国际认为，尽管领展房托每单位资产净值（NAV per unit）同比下降9.6%至63.30港元，但公司派息表现稳健，全年每单位派息（DPU）达2.7234港元，高于市场预期约1%。交银国际分析师认为，非香港市场的零售物业租金增长可抵消香港本地的轻微租金压力，整体租金水平有望在2026财年保持稳定，同时降息及房地产信托纳入港股通将构成中长期股价催化剂。 编辑：江右 校对：王玥 制作：舰长 审核：陈墨\n\n 标题 中国房协举办房地产债务重组重整培训班 \n文档[5]\n 2025-07-22 11:03:48:000\n发布时间 中国房协举办房地产债务重组重整培训班\n切片#1\n 据中国房地产业协会消息，2025年7月16-18日，中国房地产业协会在江苏省南通市组织举办房地产债务重组重整培训班。此次培训由中国房协法律工作委员会和金融分会承办，南通市房地产业协会协办，得到了江苏、浙江、上海等地房协支持。170余名来自地方住建部门、房地产开发企业、商业银行、资产管理公司、律所、行业协会等机构人员参加培训。后续中国房协将围绕资产盘活、债务化解主题，持续开展研讨交流和培训活动，相关成果也将整理形成报告送有关部门，努力为行业争取更优的政策环境。为推动房地产“止跌回稳”和健康发展发挥协会作用。\n\n 标题 中泰证券：现房销售政策将深远影响房地产行业 \n文档[6]\n 中泰证券：现房销售政策将深远影响房地产行业\n\n发布时间 2025-07-22 07:53:34切片#1\n 中泰证券的研究报告指出，现房销售政策的实施将对房地产行业的发展和房企的经营模式产生深远的影响。为了评估这一政策的长期效果，我们需要密切关注地方政府的执行情况以及相关配套支持政策的出台。报告建议关注那些在一二线城市有布局、基本面稳健且安全边际较高的房企，这些因素将为投资者提供更好的中长期配置机会。此外\n\n 标题 赚钱的房企，还剩三成 \n文档[7]\n 赚钱的房企，还剩三成\n\n发布时间 2025-07-18 17:47:40切片#1\n （原标题：赚钱的房企，还剩三成） 文/乐居财经 李兰&nbsp;&nbsp;在市场持续调整背景下，房企正经历严峻考验。&nbsp;据Wind数据，截至7月17日，A股已有67家房企发布2025年上半年业绩预告，其中47家陷入亏损，占比达70%，仅20家房企盈利，占比三成，行业整体承压态势明显。&nb\n\n 标题 “因城施策”成效明显 房地产朝止跌回稳方向迈进 \n文档[8]\n “因城施策”成效明显 房地产朝止跌回稳方向迈进\n\n发布时间 2025-07-16 01:28:34切片#1\n “因城施策”成效明显 房地产朝止跌回稳方向迈进 2025-07-16 00:15&nbsp;&nbsp;来源：证券日报\u2002 \u2002\u2002\u2002\u2002本报记者 孟珂 \u2002\u2002\u2002\u20027月15日，国家统计局发布数据显示，2025年6月份，70个大中城市中，各线城市商品住宅销售价格环比下降，同比降幅整体继续收窄。 \u2002\u2002\u2002\u2002国家统计\n\n 标题 国家统计局：上半年全国新建商品房销售额约4.4万亿元，待售面积连续四个月减少 \n文档[9]\n 国家统计局：上半年全国新建商品房销售额约4.4万亿元，待售面积连续四个月减少\n\n发布时间 2025-07-15 19:41:41切片#1\n 7月15日，国家统计局发布2025年上半年全国房地产市场基本情况。数据显示，房地产开发投资等多项指标仍处筑底阶段，但市场交易量、价格及房地产市场资金来源等方面均有所改善，去库存也取得了积极成效，全国商品房待售面积已连续四个月减少。国家统计局数据显示，1—6月份，全国房地产开发投资46658亿元，同比\n\n 标题 统计局谈楼市：市场筑底转型，上海行情复苏，中央部署新路径 \n文档[10]\n 统计局谈楼市：市场筑底转型，上海行情复苏，中央部署新路径\n\n发布时间 2025-07-15 16:21:49切片#1\n 国家统计局副局长盛来运在7月15日的国新办新闻发布会上指出，当前房地产销售面积和销售金额均有所下降，市场筑底和转型阶段相关指标的波动是正常现象。为促进市场止跌回稳，需加大推动力度。据国家统计局数据，上半年全国新建商品房销售面积同比下降3.5%，但降幅较去年同期和全年均有所收窄。商品房销售金额下降5.\n研报：\n 标题 房地产行业2025年Q2土地市场总结：土地市场温和复苏，市场回归理性 \n文档[11]\n 房地产行业2025年Q2土地市场总结：土地市场温和复苏，市场回归理性\n\n发布时间 2025年07月13日 16时00分00秒\n切片#1：2025Q2全国土地供应及成交情况\n    土地推出建面方面，2025年Q2全国供给土地规划建面6.52亿方，同比增速为-7.02%。土地出让金方面，2025年Q2全国实现土地出让金0.63万亿，同比增速为11.56%。\n\n    从溢价率数据来看，2025年Q2土地出让平均溢价率5.83%，相比2024年Q2上升3.01个百分点。从城市能级来看，2025年Q2一线、二线、三四线城市土地出让溢价率平均值分别为5.38%、8.20%、3.20%。从单月数据来看，2025年6月全国、一线、二线、三四线溢价率分别为4.91%、4.62%、6.45%、2.75%。\n\n    流拍率方面，2025年Q2平均流拍率为10.20%，2024年Q2流拍率为16.92%，同比下降6.71个百分点。2025年Q2，4-6月流拍率分别为12.11%、14.37%、3.58%。\n\n    高总价及高溢价率地块的城市分析\n    2025年Q2高总价地块数共有3宗，主要分布在一线城市和重点二线城市。从城市分布来看，2025年Q2总价超过50亿元的地块北京有2块、杭州有1块。\n\n    从高溢价率城市数量来看，2025年4月，全口径土地溢价率超过20%的城市数目为11城（5月、6月分别为14、9城）；溢价率超过30%的城市数目为7城（5月、6月分别为9、8城）。\n\n    住宅口径土地溢价率方面，2025年4月，土地溢价率超过20%的城市数目为11城（5月、6月分别为16、10城）；溢价率超过30%的城市数目为6城（5月、6月分别为8、5城）。从绝对数值来看，浙江、江苏和广东的累计土地出让金排名全国前三。\n\n    投资建议：2025年Q2土地市场温和复苏：推出建面和成交建面同比下降，土地出让金由于去年基期数据较低，同比小幅增长。由于一二线城市溢价率大幅下降，5、6月全国溢价率也回到5%以内。流拍率同比也下降。土地市场供需双方都在回归理性。三四线城市相较一二线城市依旧表现低迷。投资方面，当前房地产销售市场与土地市场都处于复苏期，政策环境持续发力，也为近年来最宽松的时候，预计板块的估值会随着政策呵护持续修复，建议关注业绩稳健且安全度较高的龙头房企保利发展、华发股份、招商蛇口、滨江集团等。相关受益标的建议关注越秀地产、绿城中国、中国海外发展、华润置地等；物业板块推荐华润万象生活、中海物业、保利物业、招商积余、绿城服务等。\n\n    风险提示：销售不及预期，房地产政策放松力度不及预期，研究报告中使用的公开资料可能存在信息滞后或更新不及时的风险，第三方数据失真风险。\n 标题 房地产行业周报：周度高频数据持续改善，政策红利助力行业企稳 \n文档[12]\n 房地产行业周报：周度高频数据持续改善，政策红利助力行业企稳\n\n发布时间 2025年03月07日 00时00分00秒\n切片#1：一周行情回顾\n    本周，申万房地产指数下跌1.58%，沪深300指数上涨1%，相对收益为-2.58%，板块表现弱于大盘。\n\n    行业基本面\n    本周(2.14-2.20)，中泰地产组跟踪的38个重点城市一手房合计成交20702套，同比增速109.7%，环比增速24.6%；合计成交面积222.1万平方米，同比增速149.3%，环比增速27.4%。\n\n    本周(2.14-2.20)，中泰地产组跟踪的16个重点城市二手房合计成交17619套，同比增速217.7%，环比增速12.8%；合计成交面积171.4万平方米，同比增速227.4%，环比增速0.3%。本周（2.14-2.20），中泰地产组跟踪的17个重点城市商品房库存面积18824.3万平方米，环比增速0.5%，去化周期131.3周。\n\n    本周（2.10-2.16），土地供给方面，本周供应土地1526.9万平方米，同比增速58%；供应均价963元/平方米，同比增速-20.3%。土地成交方面，本周成交土地2304.5万平方米，同比增速24.5%；土地成交金额309.4亿元，同比增速84.7%。本周土地成交楼面价1343元/平方米，溢价率4.9%。\n\n    本周（2.14-2.20）房地产企业合计发行信用债73.9亿元，同比增速123.9%，环比增速-25.7%。\n\n    投资建议：\n    本周作为节后第二周，行业基本面数据呈现显著回暖，一手房、二手房成交同比增速均超100%，环比也有双位数的增长，土地市场活跃度提升，叠加中央及地方政策持续释放利好，行业短期修复动能强劲。稳健的房企仍然是投资重点，建议关注财务稳健、业绩表现良好的龙头房企，如越秀地产、华发股份、保利发展、招商蛇口、绿城中国等，在当前政策环境下能够有效应对市场波动；同时随着市场需求的回升，物业管理公司也有望迎来业绩和估值的修复，建议关注华润万象生活、中海物业、招商积余、保利物业、万物云和绿城服务等。\n\n    风险提示：销售不及预期，研究报告中使用的公开资料可能存在信息滞后或更新不及时的风险。']）、参考数据（[""""[[{'涨跌幅[20250716-20250722]': 1.275637, '指数简称': '房地产', '指数代码': '881153.TI'}, {'指数简称': '房地产', '指数代码': '801180.SL'}, {'指数简称': '房地产', '指数代码': '931775.CSI'}], [{'指数简称': '房地产', '指数代码': '801180.SL'}, {'指数简称': '房地产', '指数代码': '931775.CSI'}, {'指数简称': '房地产', '涨跌幅[20250709-20250722]': 3.225788, '指数代码': '881153.TI'}], [{'指数简称': '房地产', '涨跌幅[20250625-20250722]': 8.576711, '指数代码': '881153.TI'}, {'指数简称': '房地产', '指数代码': '931775.CSI'}, {'指数简称': '房地产', '指数代码': '801180.SL'}], [{'收盘价[20250722]': 2866.7888, '指数简称': '房地产', '指数代码': '931775.CSI'}, {'收盘价[20250722]': 1660.329, '指数简称': '房地产', '指数代码': '881153.TI'}, {'指数简称': '房地产', '指数代码': '801180.SL'}], [{'ma5[20250722]': 1641.956, '指数简称': '房地产', '指数代码': '881153.TI'}, {'ma5[20250722]': 1641.956, '指数简称': '房地产', '指数代码': '801180.SL'}, {'ma5[20250722]': 1641.956, '指数简称': '房地产', '指数代码': '931775.CSI'}], [{'ma10[20250722]': 1645.48, '指数简称': '房地产', '指数代码': '881153.TI'}, {'ma10[20250722]': 1645.48, '指数简称': '房地产', '指数代码': '801180.SL'}, {'ma10[20250722]': 1645.48, '指数简称': '房地产', '指数代码': '931775.CSI'}], [{'指数简称': '房地产', 'ma20[20250722]': 1605.03, '指数代码': '881153.TI'}, {'指数简称': '房地产', 'ma20[20250722]': 1605.03, '指数代码': '801180.SL'}, {'指数简称': '房地产', 'ma20[20250722]': 1605.03, '指数代码': '931775.CSI'}], [{'指数简称': '房地产', 'macd[20250722]': 4.92, '指数代码': '881153.TI'}, {'指数简称': '房地产', 'macd[20250722]': 4.92, '指数代码': '801180.SL'}, {'指数简称': '房地产', 'macd[20250722]': 4.92, '指数代码': '931775.CSI'}], [{'指数简称': '房地产', 'kdj[20250722]': 53.25, '指数代码': '881153.TI'}, {'指数简称': '房地产', 'kdj[20250722]': 53.25, '指数代码': '801180.SL'}, {'指数简称': '房地产', 'kdj[20250722]': 53.25, '指数代码': '931775.CSI'}], [{'指数简称': '房地产', '成交额[20250722]': 19401166000.0, '指数代码': '931775.CSI'}, {'指数简称': '房地产', '成交额[20250722]': 17898708000.0, '指数代码': '881153.TI'}, {'指数简称': '房地产', '指数代码': '801180.SL'}], [{'成交额平均值[20250716-20250722]': 19401166000.0, '指数简称': '房地产', '指数代码': '931775.CSI'}, {'成交额平均值[20250716-20250722]': 15664088000.0, '指数简称': '房地产', '指数代码': '881153.TI'}], [{'主力净买入额[20250716-20250722]': -1759260470.0, '指数简称': '房地产', '指数代码': '881153.TI'}], [{'主力净买入额[20250709-20250722]': -4402811390.0, '指数简称': '房地产', '指数代码': '881153.TI'}], [{'指数简称': '房地产', '指数代码': '881153.TI', '主力净买入额[20250625-20250722]': -4067831850.0}], [{'下跌家数[20250722]': 22.0, '上涨家数[20250722]': 60.0, '指数简称': '房地产', '指数代码': '881153.TI'}, {'指数简称': '房地产', '指数代码': '801180.SL'}, {'指数简称': '房地产', '指数代码': '931775.CSI'}], [{'指数简称': '房地产', '涨停家数[20250722]': 2.0, '跌停家数[20250722]': 0.0, '指数代码': '881153.TI'}, {'指数简称': '房地产', '指数代码': '801180.SL'}, {'指数简称': '房地产', '指数代码': '931775.CSI'}], [{'所属概念': ['盐湖提锂', '石墨烯', '锂电池概念', '国企改革', '上海国企改革', '西部大开发', '融资融券', '沪股通', '房地产', '住宅开发'], '股票简称': '西藏城投', '涨跌幅[20250722]': 10.044843, '股票代码': '600773.SH'}, {'所属概念': ['租售同权', 'ST板块', '特色小镇', '物业管理', '雄安新区', 'PPP概念', '国企改革', '央企国企改革', '房地产', '商业地产'], '股票简称': '*ST南置', '涨跌幅[20250722]': 4.8583, '股票代码': '002305.SZ'}, {'所属概念': ['物业管理', '雄安新区', '国企改革', '证金持股', '养老概念', '京津冀一体化', '融资融券', '沪股通', '房地产', '住宅开发'], '股票简称': '首开股份', '涨跌幅[20250722]': 3.546099, '股票代码': '600376.SH'}, {'所属概念': ['天津自贸区', '物业管理', '参股券商', '2025中报预增', '国企改革', '京津冀一体化', '大飞机', '雄安新区', '融资融券', '房地产', '住宅开发'], '股票简称': '天保基建', '涨跌幅[20250722]': 2.974828, '股票代码': '000965.SZ'}, {'所属概念': ['新型城镇化', '国企改革', '证金持股', '粤港澳大湾区', '央企国企改革', '深股通', '融资融券', '房地产', '商业地产'], '股票简称': '大悦城', '涨跌幅[20250722]': 2.657807, '股票代码': '000031.SZ'}]]""""]）和分析方法（${题材板块}分析），以确保给出的回答既精确又全面。此外，你需根据内容逻辑在合适的位置插入给定的数据配图之一，比如K线图应该插入在技术面分析的结尾部分。本轮问题中涉及到的数据配图有这些（数据配图是标准的html代码，请千万不要改变数据配图的内容，只在合适地方原样输出即可）：['<lxzj-lxkf-aigcchart query=""""房地产连续20日主力资金流向""""  quota-info=""""主力资金流向-bar-元"""" graph-type=""""base""""></lxzj-lxkf-aigcchart>', '<lxzj-lxkf-aigcchart query=""""房地产k线图""""  quota-info=""""k线图"""" graph-type=""""kline""""></lxzj-lxkf-aigcchart>']。请基于上述要求，开始你的分析。
分析方法如下：
""该分析方法仅供参考，实际情况需要根据用户的问句进行具体分析。
|分析方法|
|---|
|A股板块分析主要从以下几个维度展开：
1. **走势表现**
- **逻辑**：追踪板块涨跌幅、技术指标和撑压线的情况，分析走势表现。
- **金融查询**：板块今日、5日、10日、20日涨跌幅；板块指数股价、MA5、MA10、MA20、MACD、KDJ；
2. **板块情绪**
- **逻辑**：通过板块的量能变化、板块内个股表现，以及板块主力资金流向，多维度展示板块的整体情绪。
- **金融查询**：板块板块今日成交额、5日日均成交额；板块今日、5日、10日、20日主力资金流向；板块中今日上涨和下跌家数、涨停和跌停家数；板块中今日涨幅前五的个股
3. **板块消息**
- **逻辑**：分析市场板块消息和行业研报，总结当前板块的行业动态和分析师观点。
- **资讯查询**：板块重要资讯、行业分析、行业研报
通过这些逻辑和数据，可以分走势表现、板块情绪和板块消息三大维度，构建出一个行业指数分析的完整框架，以准确且全面地对A股行业指数进行评价。|""
用户问题：房地产板块怎么看？""",,"API调用失败: Client error '401 Unauthorized' for url 'https://api.siliconflow.cn/v1/chat/completions'
For more information check: https://httpstatuses.com/401"
"角色定位：
君弘灵犀，证券基金领域智能投顾问答机器人。请注意，我不具备证券投资顾问资格，无法提供投资建议或市场走势预测。
核心能力：
专业的投资研究、内容总结及分析研判能力，堪比投资专家。
输出内容逻辑严谨、观点鲜明、条理清晰，避免冗长。
任务目标：
基于所提供的资讯、研报、数据等，给出客观、合规且逻辑严密的解答。
回答流程：
理解问题：仔细审视用户提问，准确把握核心需求和关键信息。
筛选信息：从提供的数据中筛选符合分析方法要求、时效性强且与问题相关的信息。
整理思路：参考分析方法，结合有效数据，构建回答框架。若数据不足，则省略相关分析维度。
生成答案：依据整理后的思路和有效信息，形成结论并支持要点。内容需结构明晰、逻辑连贯，并包含数据佐证。支撑要点应包含完整数据、机构观点等。
合规要求：
避免推荐具体股票、ETF、行业板块、概念、公募基金等金融产品。
不预测任何金融产品的市场走势。
仅提供基于“客观资讯”“公开研报”“政策解读”的中立分析，不给出操作建议。
不承诺保本或收益。
保持积极正面的回答态度，符合国家政策和主流精神。
宣传公司品牌、服务及产品时，避免使用极限词汇。
不贬低竞争对手。
不提及“免佣”或类似表述。
不诱导开户或购买行为。
不提示咨询外部专业机构，因用户已在使用本服务。
整体限制：
答案中的数据严格基于下文提供的参考数据，不要使用参考数据中未出现的数据。避免基于历史数据进行推断。参考文档和数据为空的标识：参考文档（[]）、参考数据（[]）。 参考数据和资讯都为空时，不要继续往下做分析，直接返回“暂无相关数据”。参考数据提供的信息不足时，影响分析时，声明“信息不足”。使用参考数据已有数据分析。
若数据仅包含行业排名绝对值，不包含行业公司总数，则只输出排名绝对值，不捏造或推测其他信息。
校验信息时效性，优先使用符合用户要求或最新的信息。按逻辑或时间顺序组织回答。未标明时间的信息视为最新数据。尤其注意资讯或者参考数据中的数据是否是过期的暂态数据，例如不要把过去某一时刻的现价涨跌幅误认为当日涨跌幅，已经过去的当日涨跌幅是用收盘价计算。查询现价涨跌幅用截止此刻现价计算。
引用的政策关键时间节点例如发布时间，需要关注查询当下是否已经发布，已经发布的不要带有预期、预计等字眼。
请在计算或者数字格式转换的时候，请确保数字的精确和准确性
内容结构要求：
段落编号 + 段落标题（粗体 + 非标点符号的emoji图，标题为结论性概括）
段落正文
图表（如有）
视觉元素规范：
分块与标题：使用## + 粗体 + emoji或**标题**划分区块，标题一句话总结观点。
列表：有序/无序列表规范使用。
表格：数据以Markdown表格展示，单元格宽度自适应，内容自动换行。
关键数据：🔹 数据项：<span class=""highlight"">数值</span>形式突出显示。
分隔符：章节间使用---分隔。","""你身为国泰海通证券公司的资深业务专家，现在需要针对用户的问题展开深度分析。在解答过程中，你需要充分利用提供的参考文档（['资讯：\n 标题 杭州两宗住宅用地约18.98亿元成交，余杭区地块溢价率29.65% \n文档[1]\n 2025-07-22 16:06:00:000\n发布时间 杭州两宗住宅用地约18.98亿元成交，余杭区地块溢价率29.65%\n切片#1\n 7月22日，杭州市区2025年第二十批住宅用地正式出让，根据成交结果，两宗地块均溢价成交，共计成交金额约18.98亿元。 此次出让的地块分别位于拱墅区和余杭区，共计出让土地面积约50653平方米，出让建筑面积111657.3平方米，出让起始价约15.23亿元，两宗地块用途均为住宅（设配套公建）用地。 其中，杭政储出[2025]91号即拱墅区石桥单元GS130201-40地块，东至油车港绿化，南至桦枫居，西至地块，北至永华街。地块的出让面积为14157平方米，出让建筑面积为24066.9平方米，出让起始价为34310万元，折合起始楼面价为14256元/平方米。 竞价记录显示，该地块经过6轮竞价后，由杭州西湖房地产集团有限公司以36810万元竞得，成交楼面价为15295元/平方米，溢价率7.29%。 该地块西侧的杭政储出[2025]9号地块于今年2月成交。彼时，经过31轮竞价后，由杭州滨江房产集团股份有限公司以106607万元竞得地块，成交楼面价17347元/平方米，溢价率22.39%。 此次出让的另一宗地块为余杭区良渚东单元YH030304-08地块，地块编号杭政储出[2025]92号。地块东至上祥路，南至油车桥港北侧绿带，西至杭行路东侧绿带，北至通运街。地块的出让面积为36496平方米，出让建筑面积为87590.4平方米，出让价格为118037万元，折合起始楼面价为13476元/平方米。 竞价记录显示，余杭区地块经过35轮竞价后，由杭州滨江房产集团股份有限公司以153037万元竞得，成交楼面价为17472元/平方米，溢价率29.65%。 中指研究院华东大区常务副总高院生指出，杭州本次土拍较15日土拍有所升温，但市场持续分化，局部板块继续降温。比如今日出让的拱墅石桥单元虽容积率仅1.7且地块规模不大，但受近期所在区域市场预期下降影响，房企拿地更加理性，拿地楼面价相比前期滨江地块下降2000元/平米，进一步反映出局部市场转弱，从而影响房企竞价更加谨慎。\n\n 标题 中诚信托引金融活水 助力珠海保障性住房体系建设 \n文档[2]\n 2025-07-22 15:31:09:000\n发布时间 中诚信托引金融活水 助力珠海保障性住房体系建设\n切片#1\n \u3000\u3000中证报中证网讯（王珞）近期，中诚信托设立了“中诚信托-安居1号集合资金信托计划”，与珠海华发集团有限公司（下称“华发集团”）旗下子公司开展合作，用于支持珠海市安居集团有限公司（下称“安居集团”）收购存量商品房用作保障性住房，提高保障性住房收购和运营效率，助力珠海进一步完善“保障+市场”住房供应体系。 \u3000\u3000党的二十届三中全会审议通过的《中共中央关于进一步全面深化改革、推进中国式现代化的决定》提出：“加快建立租购并举的住房制度，加快构建房地产发展新模式。加大保障性住房建设和供给，满足工薪群体刚性住房需求。支持城乡居民多样化改善性住房需求。”随后召开的政治局会议对保障性住房供给作了专门部署，会议提出“坚持消化存量和优化增量相结合，积极支持收购存量商品房用作保障性住房。”此后，存量房收购工作加速，广州、深圳、杭州等多个城市已落地存量商品房收储工作。 \u3000\u3000华发集团以安居集团作为珠海市安居住房投资建设的运营主体，向华发集团旗下子公司珠海华发实业股份有限公司（下称“华发股份”）收购存量商品房用于增加保障性、人才安居和商业租赁住房供给，以满足中低收入家庭、产业人才及新市民的多元化居住需求。 \u3000\u3000在本次合作中，中诚信托发挥信托产品可定制化的优势，通过投资相关标的，为收购存量商品房用作保障性住房提供金融支持。该项目以“金融+保障房”模式盘活存量资产，积极响应国家“加快建立租购并举的住房制度，加快构建房地产发展新模式”的号召，是公司推动房地产市场健康发展、增进民生福祉的典型案例。 \u3000\u3000下一步，中诚信托将继续发挥信托制度优势，持续为保障性住房建设和供给等提供金融支持，助力构建房地产发展新模式，促进房地产高质量发展。\n\n 标题 银河证券：在政策的加持下，地产板块的配置价值凸显 \n文档[3]\n 2025-07-18 08:23:18:000\n发布时间 银河证券：在政策的加持下，地产板块的配置价值凸显\n切片#1\n 人民财讯7月18日电，银河证券指出，受到基数影响，前6月全国商品房累计销售表现为负增长，6月单月同比表现承压。随着7月城市工作会议再次提到地产新模式、城中村改造和危旧房改造，楼市有望逐渐止跌回稳。在政策的加持下，地产板块的配置价值凸显。银河证券认为头部房企展现优秀的运营管理能力具有资金优势，市占率有望进一步抬升。\n\n 标题 王国龙将退任领展集团行政总裁 \n文档[4]\n 2025-07-22 11:30:17:000\n发布时间 王国龙将退任领展集团行政总裁\n切片#1\n 【导读】王国龙将退任领展集团行政总裁 中国基金报记者 郭玟君 7月22日，领展房地产投资信托基金（以下简称领展房托）的管理人——领展资产管理有限公司（以下简称领展）董事会（以下简称董事会）宣布，集团行政总裁王国龙在这家聚焦亚洲的领先房地产投资者及管理公司服务逾16年后，决定退休。 王国龙决定退休 正值领展房托将迎上市20周年 领展房托是亚洲最大的房地产投资信托基金。领展在管理领展房托及其房地产投资组合的同时，亦致力利用其投资管理能力，透过旗下业务——领展房地产投资，为资本伙伴提供可靠的投资管理服务。 王国龙的退休决定，正值领展即将于2025年11月庆祝领展房托上市20周年。自成立以来，领展已从一家单一市场、单一资产类别的营运者，蜕变为亚洲领先的房地产投资者和管理人之一。 领展透露，董事会将展开全面的甄选程序，物色合适继任人，领导集团的下一阶段发展。王国龙将在过渡期间协助集团顺利交接。 领展董事会主席欧敦勤表示：“领展拥有一支稳健且表现卓越的领导团队。我们将坚守既定策略，继续专注于积极管理和优化领展房托的物业组合，同时拓展房地产投资管理平台。在充满挑战的市场环境下，领展展现出强韧的抗逆能力，反映业务基础稳固。随着‘领展房地产投资’业务的推出，我们在投资平台多元化方面亦迈出重要一步，致力为资本合作伙伴提供专业服务。” 董事会主席高度评价王国龙卓越贡献 领展提供的资料显示，王国龙现年63岁，分别于2009年2月及2010年5月起出任领展执行董事及集团行政总裁，同时还是领展的财务及投资委员会成员。他同时任领展根据证券及期货条例所委任的其中一名负责人员以及The Link Holdings Limited、领展物业有限公司、The Link Finance Limited及领展房托若干附属公司的董事。 此外，王国龙还兼任多个社会团体职务，包括盈富基金的监督委员会主席、宾夕法尼亚大学的受托人、城市土地学会的管治受托人、香港大学房地产及建设系客席教授、团结香港基金有限公司之顾问及香港公益金投资小组委员会委员。 欧敦勤表示：“过去16年来，王国龙领导领展不断成长和转型，为基金单位持有人、商户、员工和我们服务的广大小区带来裨益。我谨代表董事会和领展全体员工，衷心感谢他多年来所作出的卓越贡献，并期待在过渡期间继续携手推动集团发展。” 王国龙表示：“能够在领展持续成长和发展的关键阶段担任集团行政总裁，我深感荣幸。近年来，我们积极强化集团的领导架构。我对现有管理层充满信心，并相信已为领展迈向下一阶段的发展建立合适的团队。我将继续与主席、董事会以及管理层紧密合作，进一步巩固领展未来发展的根基，以迎接新篇章。” 领展房托2024/2025财年营业收入同比增长4.8%至142.23亿港元，净物业收入增长5.5%至106.19亿港元。可分配收入同比上升4.6%至70.25亿港元，高于市场预期。 交银国际发布研报表示，维持对领展房托（823 HK）“买入”评级，目标价为47.70港元。 交银国际认为，尽管领展房托每单位资产净值（NAV per unit）同比下降9.6%至63.30港元，但公司派息表现稳健，全年每单位派息（DPU）达2.7234港元，高于市场预期约1%。交银国际分析师认为，非香港市场的零售物业租金增长可抵消香港本地的轻微租金压力，整体租金水平有望在2026财年保持稳定，同时降息及房地产信托纳入港股通将构成中长期股价催化剂。 编辑：江右 校对：王玥 制作：舰长 审核：陈墨\n\n 标题 中国房协举办房地产债务重组重整培训班 \n文档[5]\n 2025-07-22 11:03:48:000\n发布时间 中国房协举办房地产债务重组重整培训班\n切片#1\n 据中国房地产业协会消息，2025年7月16-18日，中国房地产业协会在江苏省南通市组织举办房地产债务重组重整培训班。此次培训由中国房协法律工作委员会和金融分会承办，南通市房地产业协会协办，得到了江苏、浙江、上海等地房协支持。170余名来自地方住建部门、房地产开发企业、商业银行、资产管理公司、律所、行业协会等机构人员参加培训。后续中国房协将围绕资产盘活、债务化解主题，持续开展研讨交流和培训活动，相关成果也将整理形成报告送有关部门，努力为行业争取更优的政策环境。为推动房地产“止跌回稳”和健康发展发挥协会作用。\n\n 标题 中泰证券：现房销售政策将深远影响房地产行业 \n文档[6]\n 中泰证券：现房销售政策将深远影响房地产行业\n\n发布时间 2025-07-22 07:53:34切片#1\n 中泰证券的研究报告指出，现房销售政策的实施将对房地产行业的发展和房企的经营模式产生深远的影响。为了评估这一政策的长期效果，我们需要密切关注地方政府的执行情况以及相关配套支持政策的出台。报告建议关注那些在一二线城市有布局、基本面稳健且安全边际较高的房企，这些因素将为投资者提供更好的中长期配置机会。此外\n\n 标题 赚钱的房企，还剩三成 \n文档[7]\n 赚钱的房企，还剩三成\n\n发布时间 2025-07-18 17:47:40切片#1\n （原标题：赚钱的房企，还剩三成） 文/乐居财经 李兰&nbsp;&nbsp;在市场持续调整背景下，房企正经历严峻考验。&nbsp;据Wind数据，截至7月17日，A股已有67家房企发布2025年上半年业绩预告，其中47家陷入亏损，占比达70%，仅20家房企盈利，占比三成，行业整体承压态势明显。&nb\n\n 标题 “因城施策”成效明显 房地产朝止跌回稳方向迈进 \n文档[8]\n “因城施策”成效明显 房地产朝止跌回稳方向迈进\n\n发布时间 2025-07-16 01:28:34切片#1\n “因城施策”成效明显 房地产朝止跌回稳方向迈进 2025-07-16 00:15&nbsp;&nbsp;来源：证券日报\u2002 \u2002\u2002\u2002\u2002本报记者 孟珂 \u2002\u2002\u2002\u20027月15日，国家统计局发布数据显示，2025年6月份，70个大中城市中，各线城市商品住宅销售价格环比下降，同比降幅整体继续收窄。 \u2002\u2002\u2002\u2002国家统计\n\n 标题 国家统计局：上半年全国新建商品房销售额约4.4万亿元，待售面积连续四个月减少 \n文档[9]\n 国家统计局：上半年全国新建商品房销售额约4.4万亿元，待售面积连续四个月减少\n\n发布时间 2025-07-15 19:41:41切片#1\n 7月15日，国家统计局发布2025年上半年全国房地产市场基本情况。数据显示，房地产开发投资等多项指标仍处筑底阶段，但市场交易量、价格及房地产市场资金来源等方面均有所改善，去库存也取得了积极成效，全国商品房待售面积已连续四个月减少。国家统计局数据显示，1—6月份，全国房地产开发投资46658亿元，同比\n\n 标题 统计局谈楼市：市场筑底转型，上海行情复苏，中央部署新路径 \n文档[10]\n 统计局谈楼市：市场筑底转型，上海行情复苏，中央部署新路径\n\n发布时间 2025-07-15 16:21:49切片#1\n 国家统计局副局长盛来运在7月15日的国新办新闻发布会上指出，当前房地产销售面积和销售金额均有所下降，市场筑底和转型阶段相关指标的波动是正常现象。为促进市场止跌回稳，需加大推动力度。据国家统计局数据，上半年全国新建商品房销售面积同比下降3.5%，但降幅较去年同期和全年均有所收窄。商品房销售金额下降5.\n研报：\n 标题 房地产行业2025年Q2土地市场总结：土地市场温和复苏，市场回归理性 \n文档[11]\n 房地产行业2025年Q2土地市场总结：土地市场温和复苏，市场回归理性\n\n发布时间 2025年07月13日 16时00分00秒\n切片#1：2025Q2全国土地供应及成交情况\n    土地推出建面方面，2025年Q2全国供给土地规划建面6.52亿方，同比增速为-7.02%。土地出让金方面，2025年Q2全国实现土地出让金0.63万亿，同比增速为11.56%。\n\n    从溢价率数据来看，2025年Q2土地出让平均溢价率5.83%，相比2024年Q2上升3.01个百分点。从城市能级来看，2025年Q2一线、二线、三四线城市土地出让溢价率平均值分别为5.38%、8.20%、3.20%。从单月数据来看，2025年6月全国、一线、二线、三四线溢价率分别为4.91%、4.62%、6.45%、2.75%。\n\n    流拍率方面，2025年Q2平均流拍率为10.20%，2024年Q2流拍率为16.92%，同比下降6.71个百分点。2025年Q2，4-6月流拍率分别为12.11%、14.37%、3.58%。\n\n    高总价及高溢价率地块的城市分析\n    2025年Q2高总价地块数共有3宗，主要分布在一线城市和重点二线城市。从城市分布来看，2025年Q2总价超过50亿元的地块北京有2块、杭州有1块。\n\n    从高溢价率城市数量来看，2025年4月，全口径土地溢价率超过20%的城市数目为11城（5月、6月分别为14、9城）；溢价率超过30%的城市数目为7城（5月、6月分别为9、8城）。\n\n    住宅口径土地溢价率方面，2025年4月，土地溢价率超过20%的城市数目为11城（5月、6月分别为16、10城）；溢价率超过30%的城市数目为6城（5月、6月分别为8、5城）。从绝对数值来看，浙江、江苏和广东的累计土地出让金排名全国前三。\n\n    投资建议：2025年Q2土地市场温和复苏：推出建面和成交建面同比下降，土地出让金由于去年基期数据较低，同比小幅增长。由于一二线城市溢价率大幅下降，5、6月全国溢价率也回到5%以内。流拍率同比也下降。土地市场供需双方都在回归理性。三四线城市相较一二线城市依旧表现低迷。投资方面，当前房地产销售市场与土地市场都处于复苏期，政策环境持续发力，也为近年来最宽松的时候，预计板块的估值会随着政策呵护持续修复，建议关注业绩稳健且安全度较高的龙头房企保利发展、华发股份、招商蛇口、滨江集团等。相关受益标的建议关注越秀地产、绿城中国、中国海外发展、华润置地等；物业板块推荐华润万象生活、中海物业、保利物业、招商积余、绿城服务等。\n\n    风险提示：销售不及预期，房地产政策放松力度不及预期，研究报告中使用的公开资料可能存在信息滞后或更新不及时的风险，第三方数据失真风险。\n 标题 房地产行业周报：周度高频数据持续改善，政策红利助力行业企稳 \n文档[12]\n 房地产行业周报：周度高频数据持续改善，政策红利助力行业企稳\n\n发布时间 2025年03月07日 00时00分00秒\n切片#1：一周行情回顾\n    本周，申万房地产指数下跌1.58%，沪深300指数上涨1%，相对收益为-2.58%，板块表现弱于大盘。\n\n    行业基本面\n    本周(2.14-2.20)，中泰地产组跟踪的38个重点城市一手房合计成交20702套，同比增速109.7%，环比增速24.6%；合计成交面积222.1万平方米，同比增速149.3%，环比增速27.4%。\n\n    本周(2.14-2.20)，中泰地产组跟踪的16个重点城市二手房合计成交17619套，同比增速217.7%，环比增速12.8%；合计成交面积171.4万平方米，同比增速227.4%，环比增速0.3%。本周（2.14-2.20），中泰地产组跟踪的17个重点城市商品房库存面积18824.3万平方米，环比增速0.5%，去化周期131.3周。\n\n    本周（2.10-2.16），土地供给方面，本周供应土地1526.9万平方米，同比增速58%；供应均价963元/平方米，同比增速-20.3%。土地成交方面，本周成交土地2304.5万平方米，同比增速24.5%；土地成交金额309.4亿元，同比增速84.7%。本周土地成交楼面价1343元/平方米，溢价率4.9%。\n\n    本周（2.14-2.20）房地产企业合计发行信用债73.9亿元，同比增速123.9%，环比增速-25.7%。\n\n    投资建议：\n    本周作为节后第二周，行业基本面数据呈现显著回暖，一手房、二手房成交同比增速均超100%，环比也有双位数的增长，土地市场活跃度提升，叠加中央及地方政策持续释放利好，行业短期修复动能强劲。稳健的房企仍然是投资重点，建议关注财务稳健、业绩表现良好的龙头房企，如越秀地产、华发股份、保利发展、招商蛇口、绿城中国等，在当前政策环境下能够有效应对市场波动；同时随着市场需求的回升，物业管理公司也有望迎来业绩和估值的修复，建议关注华润万象生活、中海物业、招商积余、保利物业、万物云和绿城服务等。\n\n    风险提示：销售不及预期，研究报告中使用的公开资料可能存在信息滞后或更新不及时的风险。']）、参考数据（[""""[[{'涨跌幅[20250716-20250722]': 1.275637, '指数简称': '房地产', '指数代码': '881153.TI'}, {'指数简称': '房地产', '指数代码': '801180.SL'}, {'指数简称': '房地产', '指数代码': '931775.CSI'}], [{'指数简称': '房地产', '指数代码': '801180.SL'}, {'指数简称': '房地产', '指数代码': '931775.CSI'}, {'指数简称': '房地产', '涨跌幅[20250709-20250722]': 3.225788, '指数代码': '881153.TI'}], [{'指数简称': '房地产', '涨跌幅[20250625-20250722]': 8.576711, '指数代码': '881153.TI'}, {'指数简称': '房地产', '指数代码': '931775.CSI'}, {'指数简称': '房地产', '指数代码': '801180.SL'}], [{'收盘价[20250722]': 2866.7888, '指数简称': '房地产', '指数代码': '931775.CSI'}, {'收盘价[20250722]': 1660.329, '指数简称': '房地产', '指数代码': '881153.TI'}, {'指数简称': '房地产', '指数代码': '801180.SL'}], [{'ma5[20250722]': 1641.956, '指数简称': '房地产', '指数代码': '881153.TI'}, {'ma5[20250722]': 1641.956, '指数简称': '房地产', '指数代码': '801180.SL'}, {'ma5[20250722]': 1641.956, '指数简称': '房地产', '指数代码': '931775.CSI'}], [{'ma10[20250722]': 1645.48, '指数简称': '房地产', '指数代码': '881153.TI'}, {'ma10[20250722]': 1645.48, '指数简称': '房地产', '指数代码': '801180.SL'}, {'ma10[20250722]': 1645.48, '指数简称': '房地产', '指数代码': '931775.CSI'}], [{'指数简称': '房地产', 'ma20[20250722]': 1605.03, '指数代码': '881153.TI'}, {'指数简称': '房地产', 'ma20[20250722]': 1605.03, '指数代码': '801180.SL'}, {'指数简称': '房地产', 'ma20[20250722]': 1605.03, '指数代码': '931775.CSI'}], [{'指数简称': '房地产', 'macd[20250722]': 4.92, '指数代码': '881153.TI'}, {'指数简称': '房地产', 'macd[20250722]': 4.92, '指数代码': '801180.SL'}, {'指数简称': '房地产', 'macd[20250722]': 4.92, '指数代码': '931775.CSI'}], [{'指数简称': '房地产', 'kdj[20250722]': 53.25, '指数代码': '881153.TI'}, {'指数简称': '房地产', 'kdj[20250722]': 53.25, '指数代码': '801180.SL'}, {'指数简称': '房地产', 'kdj[20250722]': 53.25, '指数代码': '931775.CSI'}], [{'指数简称': '房地产', '成交额[20250722]': 19401166000.0, '指数代码': '931775.CSI'}, {'指数简称': '房地产', '成交额[20250722]': 17898708000.0, '指数代码': '881153.TI'}, {'指数简称': '房地产', '指数代码': '801180.SL'}], [{'成交额平均值[20250716-20250722]': 19401166000.0, '指数简称': '房地产', '指数代码': '931775.CSI'}, {'成交额平均值[20250716-20250722]': 15664088000.0, '指数简称': '房地产', '指数代码': '881153.TI'}], [{'主力净买入额[20250716-20250722]': -1759260470.0, '指数简称': '房地产', '指数代码': '881153.TI'}], [{'主力净买入额[20250709-20250722]': -4402811390.0, '指数简称': '房地产', '指数代码': '881153.TI'}], [{'指数简称': '房地产', '指数代码': '881153.TI', '主力净买入额[20250625-20250722]': -4067831850.0}], [{'下跌家数[20250722]': 22.0, '上涨家数[20250722]': 60.0, '指数简称': '房地产', '指数代码': '881153.TI'}, {'指数简称': '房地产', '指数代码': '801180.SL'}, {'指数简称': '房地产', '指数代码': '931775.CSI'}], [{'指数简称': '房地产', '涨停家数[20250722]': 2.0, '跌停家数[20250722]': 0.0, '指数代码': '881153.TI'}, {'指数简称': '房地产', '指数代码': '801180.SL'}, {'指数简称': '房地产', '指数代码': '931775.CSI'}], [{'所属概念': ['盐湖提锂', '石墨烯', '锂电池概念', '国企改革', '上海国企改革', '西部大开发', '融资融券', '沪股通', '房地产', '住宅开发'], '股票简称': '西藏城投', '涨跌幅[20250722]': 10.044843, '股票代码': '600773.SH'}, {'所属概念': ['租售同权', 'ST板块', '特色小镇', '物业管理', '雄安新区', 'PPP概念', '国企改革', '央企国企改革', '房地产', '商业地产'], '股票简称': '*ST南置', '涨跌幅[20250722]': 4.8583, '股票代码': '002305.SZ'}, {'所属概念': ['物业管理', '雄安新区', '国企改革', '证金持股', '养老概念', '京津冀一体化', '融资融券', '沪股通', '房地产', '住宅开发'], '股票简称': '首开股份', '涨跌幅[20250722]': 3.546099, '股票代码': '600376.SH'}, {'所属概念': ['天津自贸区', '物业管理', '参股券商', '2025中报预增', '国企改革', '京津冀一体化', '大飞机', '雄安新区', '融资融券', '房地产', '住宅开发'], '股票简称': '天保基建', '涨跌幅[20250722]': 2.974828, '股票代码': '000965.SZ'}, {'所属概念': ['新型城镇化', '国企改革', '证金持股', '粤港澳大湾区', '央企国企改革', '深股通', '融资融券', '房地产', '商业地产'], '股票简称': '大悦城', '涨跌幅[20250722]': 2.657807, '股票代码': '000031.SZ'}]]""""]）和分析方法（${题材板块}分析），以确保给出的回答既精确又全面。此外，你需根据内容逻辑在合适的位置插入给定的数据配图之一，比如K线图应该插入在技术面分析的结尾部分。本轮问题中涉及到的数据配图有这些（数据配图是标准的html代码，请千万不要改变数据配图的内容，只在合适地方原样输出即可）：['<lxzj-lxkf-aigcchart query=""""房地产连续20日主力资金流向""""  quota-info=""""主力资金流向-bar-元"""" graph-type=""""base""""></lxzj-lxkf-aigcchart>', '<lxzj-lxkf-aigcchart query=""""房地产k线图""""  quota-info=""""k线图"""" graph-type=""""kline""""></lxzj-lxkf-aigcchart>']。请基于上述要求，开始你的分析。
分析方法如下：
""该分析方法仅供参考，实际情况需要根据用户的问句进行具体分析。
|分析方法|
|---|
|A股板块分析主要从以下几个维度展开：
1. **走势表现**
- **逻辑**：追踪板块涨跌幅、技术指标和撑压线的情况，分析走势表现。
- **金融查询**：板块今日、5日、10日、20日涨跌幅；板块指数股价、MA5、MA10、MA20、MACD、KDJ；
2. **板块情绪**
- **逻辑**：通过板块的量能变化、板块内个股表现，以及板块主力资金流向，多维度展示板块的整体情绪。
- **金融查询**：板块板块今日成交额、5日日均成交额；板块今日、5日、10日、20日主力资金流向；板块中今日上涨和下跌家数、涨停和跌停家数；板块中今日涨幅前五的个股
3. **板块消息**
- **逻辑**：分析市场板块消息和行业研报，总结当前板块的行业动态和分析师观点。
- **资讯查询**：板块重要资讯、行业分析、行业研报
通过这些逻辑和数据，可以分走势表现、板块情绪和板块消息三大维度，构建出一个行业指数分析的完整框架，以准确且全面地对A股行业指数进行评价。|""
用户问题：房地产板块怎么看？""",,"API调用失败: Client error '401 Unauthorized' for url 'https://api.siliconflow.cn/v1/chat/completions'
For more information check: https://httpstatuses.com/401"
