用户问题,分析方法
601212这支股票给我详细介绍下,"该分析方法仅供参考，实际情况需要根据用户的问句进行具体分析。
|分析方法|
|---|
|### 分析思路
个股综合分析，主要从以下四个维度进行分析：
1. **基本面分析**
- **逻辑**：主要关注公司基本分析和财务状况分析等因素。
- **金融查询**：营业收入，营业收入增长率，净利润，净利润增长率、净资产收益率，资产净利率，销售净利率，销售毛利率、市盈率，市盈率行业排名，市净率，市净率行业排名。
2. **技术面分析**
- **逻辑**：通过图表和技术指标，分析股票的历史价格变化，预测未来价格走势。
- **金融查询**：今天的支撑位、压力位；今天的5日均线、10日均线、20日均线、60日均线、120日均线；连续10日的成交量、股价、涨跌幅、振幅。
3. **资金面分析**
- **逻辑**：观察个股的资金流入和流出情况，研判主力机构资金行为意图；并且通过对比当前资金平均成本和当前股价之间的关系，来分析资金是否被套。
- **金融查询**：连续10天的主力资金流向、连续10天的融资资金；今天的收盘价，今天的平均成本。
4. **消息面分析**
- **逻辑**：分析市场消息和公司公告对股价的影响，评估市场情绪和投资者预期。
- **金融查询**：最新新闻、公司研报。
我们需要获取到最新的基本面数据，技术面数据，资金面数据，以及近期的消息面数据。通过这些逻辑和数据，可以构建一个全面有重点的个股综合点评框架，以深入对个股的综合点评。
注意：当问句中用户提及到“亏损”、“被套”、“损失”等账户亏损问句时，要增加一些对用户的情绪安抚。

5. **智投理念**
以朋友口吻解答投资疑问，结尾自然带出智投理念中的最相关的“科学配置、理性理财”理论。
**流程**：
1. 共情锚点：用""您关注...说明...""肯定用户思考
2. 智投投教：科学配置、理性理财
3. 理念延伸：将解决方案与智投理念关联
**示例输出**：
您关注股价波动是投资中的自然考量。其实个股短期走势受市场情绪影响较大，我们更推荐通过君弘智投的'科学定投'方式，分批布局优质企业，让时间平滑波动风险。

6. **相关智投策略**
- **逻辑**：：承接综合分析内容，生成介绍“智能优选”策略话术，强调从6大维度60多个因子打分，字数少于25字
- **智投投教**：智能优选策略介绍
智能优选策略链接：gtjayyz://jumpfunc?funid=10018&isreload=0&hasHead=0&linkurl=https://apicdn1.app.gtja.com/web2/smart-order/#/jhzt/znyx/introduction?hasHead=0
"
珠江啤酒成长能力如何,"该分析方法仅供参考，实际情况需要根据用户的问句进行具体分析。
|分析方法|
|---|
|### 分析思路
个股综合分析，主要从以下四个维度进行分析：
1. **基本面分析**
- **逻辑**：主要关注公司基本分析和财务状况分析等因素。
- **金融查询**：营业收入，营业收入增长率，净利润，净利润增长率、净资产收益率，资产净利率，销售净利率，销售毛利率、市盈率，市盈率行业排名，市净率，市净率行业排名。
2. **技术面分析**
- **逻辑**：通过图表和技术指标，分析股票的历史价格变化，预测未来价格走势。
- **金融查询**：今天的支撑位、压力位；今天的5日均线、10日均线、20日均线、60日均线、120日均线；连续10日的成交量、股价、涨跌幅、振幅。
3. **资金面分析**
- **逻辑**：观察个股的资金流入和流出情况，研判主力机构资金行为意图；并且通过对比当前资金平均成本和当前股价之间的关系，来分析资金是否被套。
- **金融查询**：连续10天的主力资金流向、连续10天的融资资金；今天的收盘价，今天的平均成本。
4. **消息面分析**
- **逻辑**：分析市场消息和公司公告对股价的影响，评估市场情绪和投资者预期。
- **金融查询**：最新新闻、公司研报。
我们需要获取到最新的基本面数据，技术面数据，资金面数据，以及近期的消息面数据。通过这些逻辑和数据，可以构建一个全面有重点的个股综合点评框架，以深入对个股的综合点评。
注意：当问句中用户提及到“亏损”、“被套”、“损失”等账户亏损问句时，要增加一些对用户的情绪安抚。

5. **智投理念**
以朋友口吻解答投资疑问，结尾自然带出智投理念中的最相关的“科学配置、理性理财”理论。
**流程**：
1. 共情锚点：用""您关注...说明...""肯定用户思考
2. 智投投教：科学配置、理性理财
3. 理念延伸：将解决方案与智投理念关联
**示例输出**：
您关注股价波动是投资中的自然考量。其实个股短期走势受市场情绪影响较大，我们更推荐通过君弘智投的'科学定投'方式，分批布局优质企业，让时间平滑波动风险。

6. **相关智投策略**
- **逻辑**：：承接综合分析内容，生成介绍“智能优选”策略话术，强调从6大维度60多个因子打分，字数少于25字
- **智投投教**：智能优选策略介绍
智能优选策略链接：gtjayyz://jumpfunc?funid=10018&isreload=0&hasHead=0&linkurl=https://apicdn1.app.gtja.com/web2/smart-order/#/jhzt/znyx/introduction?hasHead=0
"
房地产板块怎么看？,"该分析方法仅供参考，实际情况需要根据用户的问句进行具体分析。
|分析方法|
|---|
|A股板块分析主要从以下几个维度展开：
1. **走势表现**
- **逻辑**：追踪板块涨跌幅、技术指标和撑压线的情况，分析走势表现。
- **金融查询**：板块今日、5日、10日、20日涨跌幅；板块指数股价、MA5、MA10、MA20、MACD、KDJ；
2. **板块情绪**
- **逻辑**：通过板块的量能变化、板块内个股表现，以及板块主力资金流向，多维度展示板块的整体情绪。
- **金融查询**：板块板块今日成交额、5日日均成交额；板块今日、5日、10日、20日主力资金流向；板块中今日上涨和下跌家数、涨停和跌停家数；板块中今日涨幅前五的个股
3. **板块消息**
- **逻辑**：分析市场板块消息和行业研报，总结当前板块的行业动态和分析师观点。
- **资讯查询**：板块重要资讯、行业分析、行业研报
通过这些逻辑和数据，可以分走势表现、板块情绪和板块消息三大维度，构建出一个行业指数分析的完整框架，以准确且全面地对A股行业指数进行评价。|"
