用户问题,分析方法,工具调用及查询到的数据,思考过程-v0.4,原始答案v0.4,正确,备注,思考过程-v0.3,原始答案v0.3,正确,备注
601212这支股票给我详细介绍下,"该分析方法仅供参考，实际情况需要根据用户的问句进行具体分析。
|分析方法|
|---|
|### 分析思路
个股综合分析，主要从以下四个维度进行分析：
1. **基本面分析**
- **逻辑**：主要关注公司基本分析和财务状况分析等因素。
- **金融查询**：营业收入，营业收入增长率，净利润，净利润增长率、净资产收益率，资产净利率，销售净利率，销售毛利率、市盈率，市盈率行业排名，市净率，市净率行业排名。
2. **技术面分析**
- **逻辑**：通过图表和技术指标，分析股票的历史价格变化，预测未来价格走势。
- **金融查询**：今天的支撑位、压力位；今天的5日均线、10日均线、20日均线、60日均线、120日均线；连续10日的成交量、股价、涨跌幅、振幅。
3. **资金面分析**
- **逻辑**：观察个股的资金流入和流出情况，研判主力机构资金行为意图；并且通过对比当前资金平均成本和当前股价之间的关系，来分析资金是否被套。
- **金融查询**：连续10天的主力资金流向、连续10天的融资资金；今天的收盘价，今天的平均成本。
4. **消息面分析**
- **逻辑**：分析市场消息和公司公告对股价的影响，评估市场情绪和投资者预期。
- **金融查询**：最新新闻、公司研报。
我们需要获取到最新的基本面数据，技术面数据，资金面数据，以及近期的消息面数据。通过这些逻辑和数据，可以构建一个全面有重点的个股综合点评框架，以深入对个股的综合点评。
注意：当问句中用户提及到“亏损”、“被套”、“损失”等账户亏损问句时，要增加一些对用户的情绪安抚。

5. **智投理念**
以朋友口吻解答投资疑问，结尾自然带出智投理念中的最相关的“科学配置、理性理财”理论。
**流程**：
1. 共情锚点：用""您关注...说明...""肯定用户思考
2. 智投投教：科学配置、理性理财
3. 理念延伸：将解决方案与智投理念关联
**示例输出**：
您关注股价波动是投资中的自然考量。其实个股短期走势受市场情绪影响较大，我们更推荐通过君弘智投的'科学定投'方式，分批布局优质企业，让时间平滑波动风险。

6. **相关智投策略**
- **逻辑**：：承接综合分析内容，生成介绍“智能优选”策略话术，强调从6大维度60多个因子打分，字数少于25字
- **智投投教**：智能优选策略介绍
智能优选策略链接：gtjayyz://jumpfunc?funid=10018&isreload=0&hasHead=0&linkurl=https://apicdn1.app.gtja.com/web2/smart-order/#/jhzt/znyx/introduction?hasHead=0
","你身为国泰海通证券公司的资深业务专家，现在需要针对用户的问题展开深度分析。在解答过程中，你需要充分利用提供的参考文档（['<br/>文档[1]<br/>君弘智投：智能优选策略<br/>切片#7:<br/>智能优选策略基于六大维度60项因子对每只个股进行全面而深入的“健康检查”，并依据各项因子的差异赋予不同权重进行综合评分。在此基础上，策略会每日精选高分股票。\n策略的第一步是基于六维模型对个股进行“全身体检”，覆盖了财务体检、技术分析、主力洞察、风险信息、题材热度、趋势判断六大维度。\n财务体检就类似于基础的血常规检测，它通过净资产收益率（ROE）、毛利率、资产负债率等18个关键财务指标，全面评估公司的财务健康状况，帮助投资者更深入地了解公司的盈利能力、成本控制、财务结构和运营效率等关键信息。此外，每项财务指标均附有行业内的排名信息，有助于投资者清晰地了解该公司在其所属行业中的竞争地位。\n技术分析扮演着诸如X光、MRI扫描等医学影像检查的角色，它通过RSI、MA、MACD、BB等技术指标，来透视股票的“内在骨架”和可能隐藏的“病症”。鉴于技术指标众多，使用方法也不尽相同，故智能优选策略基于这些技术指标的运行状态，将它们分为利好与利空两类，并给出简明扼要的结论，从而大大节省了投资者的时间和精力。\n主力洞察就像是做血管造影，它通过筹码分布、股东数变化、机构持仓以及主力资金流四大指标来密切跟踪个股的“血液流动”（即主力资金）情况，以便及时发现主力资金的异常动向，比如突然的大额流入或流出，帮助投资者更好地把握市场趋势。\n风险信息的排查类似于医学体检中的基因和肿瘤标志物筛查，旨在及早发现并识别那些可能威胁到健康安全的潜在风险。在这个过程中，策略会全面审视股票的商誉减值、突发新闻、股权质押、限售解禁和股东减持等关键信息，帮助投资者提前发现并排除可能对投资造成重大影响的负面因素，降低选股风险。\n题材热度就好比体检项目中的生活习惯评估，它通过分析成交量倍数和贝塔系数等指标，评估市场和个股的“生活方式”。高成交量倍数如同健康的饮食习惯，它为市场对该题材的关注提供了充足的“能量”和“营养”；而贝塔系数则相当于运动强度，高于1表示个股的波动性超越了市场整体，类似于进行了高强度运动；低于1则代表个股的波动性小于市场整体，运动强度不大。\n趋势判断，如同一场专家会诊，全面审视股票的短、中、长期表现。相似K线，通过历史数据及大数据模型计算，找到与该股近30个交易日K线相似度在90%以上的其他股票历史情况，辅助投资者判断股票短期波动；机构一致预期，汇聚多方智慧，<br/>切片#4:<br/>在完成全面的体检评估之后，策略会依据各项因子的重要性赋予相应的权重，进而对每只个股进行综合评分，这一过程类似于医生根据体检结果评估患者的整体健康状况。\n基于这一综合评分，策略每日会筛选30只全市场得分最高的股票，展示在策略首页的“综合榜单”。点击“查看全部”，进入综合榜单详情页，然后再点击“得分”，将股票得分从高到低排序，即可查看当日入选的30只个股。\n如果你没有目标行业和主题，希望在全市场中选择优质的个股，那么可以参考“综合榜单”入选股票的得分排名，再结合你的投资偏好、投资目标以及市场环境等因素，从中筛选出适合自己的投资标的。\n而如果你已经有了心仪的行业，但对选股感到迷茫，策略每日还特别筛选出了各个行业得分最高的股票，展示在“行业榜单”。只需点击心仪的行业，进入该行业得分最高股票的详情页。然后下滑至诊股界面，点击行业排名，便能一览该行业内所有股票的得分排序。在此基础上，再结合自己的操作策略，审慎选择投资标的。\n策略首页的模拟回测数据呈现了近6月、近1年、近2年、近5年入选股票在3个月内最高涨幅的分布情况，你可以参考这些数据，再结合自己的投资目标、市场环境等因素，为你的投资计划设定一个恰当的止盈目标与亏损上限。\n开启策略后，你还可以针对策略持仓创建智能订单，实现自动盯盘。当盈利小目标达成时，适时落袋为安；而若亏损上限被触发，则要果断离场，避免损失进一步扩大。在严格遵守交易纪律的前提下，逐步累积利润。\n智能优选策略基于六大维度60项因子对全市场所有股票进行全面“体检”与综合打分，进而从中筛选出得分最高的那部分个股。在制定投资计划时，你可以基于自己的投资目标、策略模拟回测数据以及市场环境等因素，为你的交易计划设定合适的止盈目标与亏损上限。一旦策略启动，务必严格遵守交易纪律，从容应对市场波动，逐步积累投资回报。\n<br/>切片#5:<br/>对于技术派而言，智能优选策略同样是一个不可或缺的“工具箱”。\n众所周知，技术分析流派众多，每一种技术分析方法都有其优缺点，并且都各自适用于一定的市场环境。这需要投资者根据市场环境的变化灵活选择分析方法。\n智能优选策略在技术分析方面覆盖了KDJ、MACD、RSI等多项常用的技术分析指标，能够全面且深入地解析各个技术指标的运行状态，帮助你迅速把握股票的技术特征，有效提升通过技术面选股的效率。\n如果你已经通过技术分析锁定了合适的投资标的，那么在建仓之前，你还可以进入该股票的诊股界面，充分利用其中的数据与信息，提高决策效率。\n比如，你可以依据风险信息，对投资标的进行风险排查，提高投资的安全边际。\n同时，主力洞察中的筹码分布可以有效监控股票的关键价格区域，如支撑位和阻力位，为你设定止盈目标与亏损上限提供有价值的参考。\n另外，在持仓期间，诊股页面的主力资金流动情况、相似K线等功能也都可以为你判断股票的短期走势提供有价值的数据支持。\n智能优选策略的各项因子指标均是基于特定的逻辑算法构建而成，这些算法确实赋予了策略独特的优势。然而，正如任何工具或方法都有其适用范围一样，智能优选策略同样也存在一定的局限性。因此，在使用策略时，我们应将策略中的数据与分析论点视为重要的参考信息之一，而非投资决策的唯一依据。投资决策是一个复杂的过程，需要综合考虑市场环境、个人风险承受能力、投资目标以及资金状况等多种因素。\n\n投资路上，选对方向是成功交易的重要前提。而基本面分析犹如一位智慧的向导，引领我们穿越市场的重重迷雾。在这个过程中，净资产收益率、毛利率、资产负债率等关键财务指标，则是我们评估企业内在价值的重要标尺。君弘智投智能优选策略凭借六大维度、60项因子的精细考量，为全市场个股进行全面体检，并筛选出那些名列前茅的个股，轻松化解了投资者的选股难题。<br/><br/><br/>文档[2]<br/>《掌握交易》：下单的基本技能<br/>切片#8:<br/>我们深入了解了定投的诸多优势和操作技巧。有朋友可能会问，除了基金/ETF定投外，股票能不能定投呢？\n实际上，股票定投虽然不如ETF定投常见，但也是可行的。定投作为一种长期投资策略，更适用于价格波动较小、长期趋势向上的资产。鉴于股票价格受多种因素影响，波动较大，因此选择股票定投时，应侧重于价值长线成长股。通过“高位少买、低位多买”的定投策略，可以有效平摊投资风险。\n另外，对于定投股票等高风险资产，投资者也可以进一步了解智能订单中的“定投网格”功能，在震荡向下的行情中，实现“越跌越买”的投资效果。结合ETF定投的按期买入功能，即便在市场波动较大时，也能保持定投策略的稳健性，进一步降低投资风险。\n\n所以，在普通交易过程中，过度纠结于买入价格并非明智之举。我们应该通过精心构建的底仓策略来“跟踪”那些备受青睐的投资标的，因为即便初次买入的价格偏高，我们也有机会在后续的低价吸纳中逐步摊薄成本。对于定投而言，关键在于坚持“按期买入”，而非过分纠结定投的频率、方式。这种持之以恒的态度，才是我们实现定投目标的根本保障。最后，我们还是要强调，即便理解了上述所有基础规则和技能，投资者依然需要根据自己的操作习惯和目标，制定和建立自己的交易体系，不断修炼自己的内心，利用科学方法提升交易技能。\n在探索交易的道路上，我们已经掌握了普通买入和定投买入的基本下单技巧，这些技能无疑是我们交易旅程的坚固基石。然而，市场的波动和变化总是充满了未知和挑战，这就要求我们不断学习新的技能来应对日益复杂的市场环境。下节课，我们将深入探索更多进阶的交易技巧，灵活高效地应对市场的风云变幻。让我们一起挖掘交易策略的深度和广度，掌握更多玩转交易的新技能吧！<br/><br/><br/>文档[3]<br/>君弘智投：行业估值策略<br/>切片#6:<br/>分享几个“屡试不爽”的实战技巧\n如何解决“选择困难症”？\n大家可能会遇到这样一种情况：\n打开君弘智投行业估值策略，发现主页呈现了多个处于低估值区间与低回撤风险的行业指数。这个时候，究竟哪一个更好呢？是不是选择困难症都要犯了？\n如果遇到这种情况，我们可以遵循两个原则进行筛选：\n一是选回撤风险相对较低的那个。\n二是选择自己最熟悉的行业指数。如果两个指数都是极低回撤风险，那么可以选择自己更熟悉的行业指数。因为人很多时候都是因为未知而恐慌，熟悉的指数更容易让你在后续的市场波动中保持心态的稳定。\n选完指数后，大家可能又会发现，一个指数关联的产品也不少，怎么筛选也是一门技术活。这个时候，可以尽量选择管理规模较大的产品。因为管理规模越大的产品，尤其是超过百亿的产品，一般都稳定运行了很多年，大都经历过一轮完整的牛熊，经受住了市场波动的考验。这样的产品能给我们带来更强的“安全感”。\n如何应对持仓期的波动？\n在定投买入之后，是不是很快就有盈利呢？\n并不是这样。回测数据显示，行业估值策略的年化波动率在10%-30%之间，年均最大回撤在12%左右。所以在定投买入之后，前期有可能会经历一段时间的亏损，之后才开始盈利。\n对此要理性看待，千万不要因为指数的波动而慌了神。波动在前，收益在后，这是每个投资者都必须要修炼的“投资心经”。只有忍受得了波动，才能收获长期稳定的盈利。\n这个时候，不妨坚持定投，不断降低持仓成本。如果守不住持仓，被洗盘出局，那可能会错过后面更大的收益。<br/>', '资讯：\n 标题 白银有色（601212）：关于获得政府补助的公告 \n文档[1]\n 2025-07-15 16:01:00:000\n发布时间 白银有色（601212）：关于获得政府补助的公告\n切片#1\n 白银有色（601212）：关于获得政府补助的公告。 公告详情请查看附件。\n\n 标题 白银有色（601212）：2025年半年度业绩预告的公告 \n文档[2]\n 2025-07-14 18:43:00:000\n发布时间 白银有色（601212）：2025年半年度业绩预告的公告\n切片#1\n 白银有色（601212）：2025年半年度业绩预告的公告。 公告详情请查看附件。\n\n 标题 白银有色（601212）：关于上交所对公司2024年年度报告的信息披露监管问询函的回复公告 \n文档[3]\n 2025-07-14 18:43:00:000\n发布时间 白银有色（601212）：关于上交所对公司2024年年度报告的信息披露监管问询函的回复公告\n切片#1\n 白银有色（601212）：关于上交所对公司2024年年度报告的信息披露监管问询函的回复公告。 公告详情请查看附件。\n\n 标题 异动快报：白银有色（601212）7月14日9点54分触及涨停板 \n文档[4]\n 2025-07-14 09:55:20:000\n发布时间 异动快报：白银有色（601212）7月14日9点54分触及涨停板\n切片#1\n 证券之星7月14日盘中消息，9点54分白银有色（601212）触及涨停板。目前价格3.62，上涨10.03%。其所属行业工业金属目前上涨。领涨股为金田股份。该股为白银，有色 ・ 铜，黄金概念热股，当日白银概念上涨3.52%，有色 ・ 铜概念上涨2.65%，黄金概念上涨2.63%。 7月11日的资金流向数据方面，主力资金净流入4414.85万元，占总成交额8.18%，游资资金净流入62.84万元，占总成交额0.12%，散户资金净流出4477.69万元，占总成交额8.3%。 近5日资金流向一览见下表： 白银有色主要指标及行业内排名如下： 以上内容为证券之星据公开信息整理，由AI算法生成（网信算备310104345710301240019号），不构成投资建议。\n\n 标题 白银有色（601212）：2024年年度股东大会决议公告 \n文档[5]\n 2025-06-25 18:46:00:000\n发布时间 白银有色（601212）：2024年年度股东大会决议公告\n切片#1\n 白银有色（601212）：2024年年度股东大会决议公告。 公告详情请查看附件。\n\n 标题 白银有色：获得政府补助 \n文档[6]\n 白银有色：获得政府补助\n\n发布时间 2025-07-15 20:39:19切片#1\n 证券日报网讯 &nbsp;7月15日晚间，白银有色发布公告称，公司获得与收益相关的政府补助人民币8，450，000元（未经审计）。（编辑 姚尧）\n\n 标题 白银有色：获得政府补助845万元|白银有色晚间公告，公司获得与收益相关的政府补助845万元（未经审计），占公司最近一期经审计归母净利润的比例为10.46%。 \n文档[7]\n 白银有色：获得政府补助845万元|白银有色晚间公告，公司获得与收益相关的政府补助845万元（未经审计），占公司最近一期经审计归母净利润的比例为10.46%。\n\n发布时间 2025-07-15 16:10:03切片#1\n 16:09【白银有色：获得政府补助845万元】白银有色晚间公告，公司获得与收益相关的政府补助845万元（未经审计），占公司最近一期经审计归母净利润的比例为10.46%。\n\n 标题 白银有色：获得政府补助845万元 \n文档[8]\n 白银有色：获得政府补助845万元\n\n发布时间 2025-07-15 16:04:56切片#1\n 白银有色7月15日公告，公司获得与收益相关的政府补助845万元，占公司最近一期经审计归母净利润的10.46%。\n\n 标题 白银有色7月14日融资余额5.56亿，增加6.1% \n文档[9]\n 白银有色7月14日融资余额5.56亿，增加6.1%\n\n发布时间 2025-07-15 09:01:07切片#1\n 财联社7月15日电，白银有色公布的最新两融数据显示，公司7月14日融资余额为5.56亿元，与前一日相比增加3196.3万元，增加比例为6.1%，当前融资余额占流通市值的比例为2.13%。该股最近5个交易日融资余额增加4925.46万元，增加比例为9.72%。融券余额为173.65万股，与前一日相比增\n\n 标题 白银，涨幅已超黄金！ \n文档[10]\n 白银，涨幅已超黄金！\n\n发布时间 2025-07-13 08:01:43切片#1\n 2025-07-13 08:00 发布于： 四川省\n研报：\n 标题 兴业银锡(000426)手握多座世界级矿山，银锡龙头未来可期 \n文档[11]\n 兴业银锡(000426)手握多座世界级矿山，银锡龙头未来可期\n\n发布时间 2025年06月03日 00时00分00秒\n切片#1：立足银、锡、锌，公司资源版图由内蒙走向全球。公司上市以来经历了2011、2014-2016、2023-至今三轮矿山资源扩充。立足银、锌、锡资源压舱石，目前旗下银漫、乾金达、融冠已具备三座亿级利润的大型矿山，成为支撑公司高成长的现金奶牛。2023年起，公司陆续完成了博盛矿业（黄金）、宇邦矿业（（银锌锌）收购，托管大股东旗下布敦银根矿业（银锌锌），拟要约收购大西洋锡业（锡），完成新一轮资源版图扩充。\n\n??? 手握三座世界级银矿，扬帆起航正当时。目前子公司银漫矿业拥有白银资源量8058吨，平均品位185g/吨；宇邦矿业保有白银资源量1.79万吨，平均品位125g/吨，单体银矿储量排名位列亚洲第一，全球第五；托管大股东的布敦银根矿业拥有白银资源量1.1万吨，平均品位158g/吨。根据世界白银协会披露的全球前十大在产矿山，剔除第一大KGHM后（资源量8.3万吨，平均品位58.3g/吨）平均资源量7100吨，平均品位166g/吨，可见公司三座矿山资源量均有潜力支撑产量进入全球前十。\n\n??? 远期规划银矿石产能有望增长2.7倍，成长性领跑全球矿企。全球前十大在产矿山白银产量均超过350吨/年，而公司银漫、乾金达、荣邦旗下三座矿山2024年白银产量仅229吨，以上三座矿山与宇邦（2025年收购）合计矿石处理能力为405万吨/年，远期银漫、宇邦、布敦银根旗下三座矿山达产后，公司矿石处理量将达1494万吨/年（（设布布敦银根产产后入），较现有产能增长2.7倍，有望使公司跻身世界一流银多金属矿企。\n\n??? 当下我们认为银、锡价格处于低估状态：\n??? 其一，工业金属相对黄金比价存在修复可能。工业金属与黄金比价与制造业PMI呈显著正相关，2022年11月以来美国制造业PMI在多数时间低于荣枯线，目前锡金比、银金比均降至1990年以来的极低水平。未来若制造业周期回归扩张区间，则工业金属相对黄金比价存在较大修复空间。\n\n??? 其二，白银中期供需缺口问题难以缓解，低库存下静待催化。2021年以来伴随光伏需求爆发，白银已连续4年维持供需缺口，尽管2025年伴随光伏需求放缓，供需缺口或将收窄，但光伏绝对需求量已由2021年的2766吨增长至6086吨（（据世界白银协会），而供给端弹性不足或将导致供需缺口中长期存在。\n\n??? 其三，锡矿供应不稳定性问题难解，AI驱动半导体周期上行。供给端，尽管缅甸佤邦禁矿、印尼出口限制、刚果（金）武装冲突等供给侧担忧有望在2025年缓和，但缅甸佤邦资源费提升、印尼陆上资源枯竭、中国锡矿资源接续不足等因素，仍使得锡矿供给不足的中长期忧虑难以缓解。需求端，锡作为算力金属有望受益于AI驱动的全球半导体市场高景气。\n\n??? 产资建议：我们预计公司2025-2027年营业收入分别为58.6/66.8/83.2亿元，归母净利润分别为20.6/24.1/31.3亿元，对应PE分别为11.4/9.7/7.5倍。公司作为高成长性银锡多金属矿企，未来伴随项目产产与行业景气回暖，业绩有望受益。首次覆盖，给予“买入”评级。\n\n??? 风险提示：项目产产不及预期，金属价格波动，测算误差风险等。\n 标题 盛达资源(000603)短中长期增长路线明晰，白银龙头布局黄金或迎量价齐升 \n文档[12]\n 盛达资源(000603)短中长期增长路线明晰，白银龙头布局黄金或迎量价齐升\n\n发布时间 2025年05月23日 00时00分00秒\n切片#1：国内矿产白银龙头，收购布局黄金板块。公司自2011年开始先后收购银都矿业、光大矿业、金都矿业、东晟矿业、德运矿业5家内蒙古白银矿山企业成为国内白银龙头，并于2018年收购金山矿业、2023年收购鸿林矿业布局黄金板块。截至24年底，公司经评审备案的累计查明银金属量约1.2万吨、金金属量约34吨，年采选能力近200万吨，未来多个待产矿山项目建成达产后有望进一步巩固龙头地位。\n\n??? 矿山技改完成+金银价格上行，公司业绩或重回上升轨道。2021-2023年公司归母净利润有所承压，主要系2022年金属价格下跌，2023年子公司金山矿业技改期间采选量下降且新增权益金缴纳等因素所致。2024年公司实现营业收入20.13亿元，同比-10.66%（扣除贸易业务后为16.09亿元，同比+11.92%），实现归母净利润3.90亿元，同比+163.56%实现大幅增长，主要系金山矿业完成技改后产量逐渐恢复，叠加基本金属价格上涨所致；2025年一季度公司实现营业收入3.53亿元，同比+33.92%，实现归母净利润0.08亿元同比扭亏，我们认为公司已基本摆脱前期不利因素，业绩或重回上升轨道。\n\n??? 待产矿山建设逐步推进，公司中期产量增长路线明晰。根据对公司各待产项目的预计投产节点梳理，我们判断公司2025-2027年期间每年均可见较明晰的产量增长，具体看：1）鸿林矿业，目前正在进行矿山建设工作，预计2025年7-9月进入试生产；2）银都矿业，拜仁达坝（北矿区）探矿权正与采矿权进行整合，有望于2025年底前进入开采状态；3）东晟矿业，正全面统筹推进巴彦乌拉银多金属矿建设工作，力争实现2026年内投产。我们认为，公司多个待产矿山即将陆续进入建成投产节点，2025-2027年间具备较明晰的产量增长路线，业绩有望随之实现加速释放。\n\n??? 内生探矿增储+外延资源并购共进，公司远期成长空间持续打开。公司旗下银都矿业、光大矿业、金都矿业均归属于“大兴安岭西坡银、铅、锌成矿亚带”，该区域矿山集中、矿区金属品位高，探矿增储+分散矿权整合潜力强。另据公司公告，公司正积极推进金、银等优质贵金属原生矿产资源项目的并购，对全国重点矿产资源聚集地的区域进行密切地调研考察，力争于2025年内完成一个并购项目，我们认为公司后续资源并购有望持续，远期成长空间持续打开。\n\n??? “降息交易”+“特朗普2.0”双主线持续催化，金银价格具备充足上行动能。中期视角上，“特朗普2.0”或在暂停关税的90天内成为黄金市场交易的首要主线，其包含的关税加征、减税延续、以及“滞胀”等预期为黄金价格上涨提供较强动能；长期视角上，“降息交易”+“特朗普2.0”双主线将在2025年持续催化，保护主义+大国博弈背景下央行增储将对金价形成强有力底部支撑，金银价格上行动能充足。此外，受光伏用银需求持续高增长影响全球白银供需缺口或进一步放大，有望成为白银价格中枢上行的有力支撑。\n\n??? 盈利预测与评级：我们预计公司2025-2027年分别实现营业收入24.98/33.27/39.99亿元，归母净利润5.76/8.43/10.83亿元，EPS为0.84/1.22/1.57元/股，按2025年5月21日收盘价计算的PE为16.10/11.00/8.57倍。选择同为白银/黄金矿业企业的兴业银锡、山东黄金、赤峰黄金作为可比公司，三家公司按Wind一致预期计算的2025年平均PE为18.15倍。鉴于公司作为我国矿产白银龙头，矿产品产量有望伴随金山矿业采选量爬坡+鸿林矿业建成投产+银都矿业拜仁达坝（北矿区）探矿权整合完毕+东晟矿业建成投产实现快速增长，叠加金银价格上行共同驱动下业绩有望实现高速增长，首次覆盖给予“增持”评级。\n\n??? 风险提示：金属价格波动风险、安全生产风险、待产矿山进度不及预期风险等\n发布时间 2025年05月23日 00时00分00秒\n切片#2：国内矿产白银龙头，收购布局黄金板块。公司自2011年开始先后收购银都矿业、光大矿业、金都矿业、东晟矿业、德运矿业5家内蒙古白银矿山企业成为国内白银龙头，并于2018年收购金山矿业、2023年收购鸿林矿业布局黄金板块。截至24年底，公司经评审备案的累计查明银金属量约1.2万吨、金金属量约34吨，年采选能力近200万吨，未来多个待产矿山项目建成达产后有望进一步巩固龙头地位。\n\n??? 矿山技改完成+金银价格上行，公司业绩或重回上升轨道。2021-2023年公司归母净利润有所承压，主要系2022年金属价格下跌，2023年子公司金山矿业技改期间采选量下降且新增权益金缴纳等因素所致。2024年公司实现营业收入20.13亿元，同比-10.66%（扣除贸易业务后为16.09亿元，同比+11.92%），实现归母净利润3.90亿元，同比+163.56%实现大幅增长，主要系金山矿业完成技改后产量逐渐恢复，叠加基本金属价格上涨所致；2025年一季度公司实现营业收入3.53亿元，同比+33.92%，实现归母净利润0.08亿元同比扭亏，我们认为公司已基本摆脱前期不利因素，业绩或重回上升轨道。\n\n??? 待产矿山建设逐步推进，公司中期产量增长路线明晰。根据对公司各待产项目的预计投产节点梳理，我们判断公司2025-2027年期间每年均可见较明晰的产量增长，具体看：1）鸿林矿业，目前正在进行矿山建设工作，预计2025年7-9月进入试生产；2）银都矿业，拜仁达坝（北矿区）探矿权正与采矿权进行整合，有望于2025年底前进入开采状态；3）东晟矿业，正全面统筹推进巴彦乌拉银多金属矿建设工作，力争实现2026年内投产。我们认为，公司多个待产矿山即将陆续进入建成投产节点，2025-2027年间具备较明晰的产量增长路线，业绩有望随之实现加速释放。\n\n??? 内生探矿增储+外延资源并购共进，公司远期成长空间持续打开。公司旗下银都矿业、光大矿业、金都矿业均归属于“大兴安岭西坡银、铅、锌成矿亚带”，该区域矿山集中、矿区金属品位高，探矿增储+分散矿权整合潜力强。另据公司公告，公司正积极推进金、银等优质贵金属原生矿产资源项目的并购，对全国重点矿产资源聚集地的区域进行密切地调研考察，力争于2025年内完成一个并购项目，我们认为公司后续资源并购有望持续，远期成长空间持续打开。\n\n??? “降息交易”+“特朗普2.0”双主线持续催化，金银价格具备充足上行动能。中期视角上，“特朗普2.0”或在暂停关税的90天内成为黄金市场交易的首要主线，其包含的关税加征、减税延续、以及“滞胀”等预期为黄金价格上涨提供较强动能；长期视角上，“降息交易”+“特朗普2.0”双主线将在2025年持续催化，保护主义+大国博弈背景下央行增储将对金价形成强有力底部支撑，金银价格上行动能充足。此外，受光伏用银需求持续高增长影响全球白银供需缺口或进一步放大，有望成为白银价格中枢上行的有力支撑。\n\n??? 盈利预测与评级：我们预计公司2025-2027年分别实现营业收入24.98/33.27/39.99亿元，归母净利润5.76/8.43/10.83亿元，EPS为0.84/1.22/1.57元/股，按2025年5月21日收盘价计算的PE为16.10/11.00/8.57倍。选择同为白银/黄金矿业企业的兴业银锡、山东黄金、赤峰黄金作为可比公司，三家公司按Wind一致预期计算的2025年平均PE为18.15倍。鉴于公司作为我国矿产白银龙头，矿产品产量有望伴随金山矿业采选量爬坡+鸿林矿业建成投产+银都矿业拜仁达坝（北矿区）探矿权整合完毕+东晟矿业建成投产实现快速增长，叠加金银价格上行共同驱动下业绩有望实现高速增长，首次覆盖给予“增持”评级。\n\n??? 风险提示：金属价格波动风险、安全生产风险、待产矿山进度不及预期风险等\n 标题 兴业银锡(000426)2024年报&2025年一季报点评：锡锑银等金属量价齐升，归母净利大幅提升 \n文档[13]\n 兴业银锡(000426)2024年报&2025年一季报点评：锡锑银等金属量价齐升，归母净利大幅提升\n\n发布时间 2025年05月14日 00时00分00秒\n切片#1：4月27日，公司发布2024年报，公司全年实现营业收入42.7亿元，同比增长15.23%；归母净利润15.3亿元，同比增长57.82%；扣非归母净利润15.39亿元，同比增长50.23%。\n\n??? 同日，公司发布2025年一季报，公司一季度实现营业收入11.49亿元，同比增长50.37%，环比增长18%；归母净利润3.74亿元，同比增长63.22%，环比增长62.75%；扣非归母净利润3.74亿元，同比增长64.08%，环比增长59.86%。\n\n??? 评论：\n??? 受益锡锑等金属价格提升，24年净利润创历史新高。2024年，国内锡、铅、锌、银均价分别为24.8万元/吨、1.74万元/吨、2.33万元/吨、7218元/千克，分别同比+17%、+10%、+8%、+30%。受金属价格上涨，公司实现营业收入42.7亿元，同比增长15.23%，其中矿产锡、矿产银营业收入合计占比达60.43%，实现归母净利润15.3亿元，同比增长57.82%。其中银漫矿业实现净利润12.59亿元，同比增长49%，乾金达实现净利润2.45亿元，同比增长39%。分季度看，公司四季度实现营业收入9.74亿元，同比减少24%，环比减少11%，归母净利润2.3亿元，同比减少46%、环比减少44.76%。\n\n??? 公司24年主要产品产量小幅提升。2022年-2024年，公司主营产品（铋、铁、金除外）产量均实现逐年递增，2024年，公司生产矿产锡8902吨，同比+14.58%，矿产银228.93吨，同比+14.68%；矿产锌5.97万吨，同比+8.67%；矿产铅1.7万吨，同比+8.05%；矿产铜2906吨，同比+4.94%；矿产锑1352吨，同比+32.58%；矿产铁33.91万吨，同比-3.74%，矿产金28.3千克，同比-38.54%。矿产锑产量增加主要受银漫矿业铅锌矿石选矿处理量同比增加所致，矿产金生产量减少主要系博盛矿业金矿石选矿处理量同比减少所致。\n\n??? 完成收购宇邦矿业，资源优势凸显。2025年初，公司完成收购宇邦矿业85%股权，宇邦矿业单体银矿储量排名位列亚洲第一位，全球第五位，收购后公司白银保有储量增至2.45万吨，占国内总储量的34.56%，占全球白银储量的4.46%。目前，宇邦正在推进825万吨/年扩建工程项目建设工作，25000吨/日银铅采选扩建工程环评报告正在编制，未来建成后白银产量有望翻倍增长。此外，公司银漫矿业297万吨扩建工程项目于2025年初取得立项批复，未来盈利能力有望进一步提升。\n\n??? 2025Q1主产品量价齐升，利润大幅增长。2025年一季度，国内锡、铅、锌、银、锑、铜均价分别同比+20%、+6%、+14%、+33%、+74%、+12%，分别环比+4%、+1%、-6%、+3%、+9%、+3%，公司主营矿产品产销量也同比增加，带动一季度实现营业收入11.49亿元，同比增长50.37%，环比增长18%；归母净利润3.74亿元，同比增长63.22%，环比增长62.75%。\n\n??? 投资建议：考虑银锑等金属价格上涨，我们预计公司2025-2027年实现归母净利润20.65亿元、23.97亿元、28.44亿元（25-26年前值为19.5、23.9亿元），分别同比增长35%、16.1%、18.6%。考虑可比公司平均估值情况，我们给予公司2025年13倍PE，对应股价为15.1元，维持“强推”评级。\n\n??? 风险提示：公司项目扩产不及预期；金属价格大幅波动；公司成本大幅提升。\n 标题 晨报 \n文档[14]\n 晨报\n\n发布时间 2025年03月03日 00时00分00秒\n切片#1：【东兴食品饮料】中央1号文件提出要对奶牛产业纾困（20250226）\n??? 今年中央1号文件提出要对奶牛产业纾困，稳定基础产能。国家在1号文件中关注到奶牛养殖行业的困境，同时提出要稳定基础产能。过去几年原奶供应持续增长导致奶价下跌，稳产能意味着国家要求加快推动产能的去化，否则在奶牛单产持续增长的背景下，原奶产能难以下降。在这个大思路下，我们预计今年乳制品行业原奶过剩的局面整体会得到缓解，乳制品产业链上下游的压力都将有所改善。\n\n??? 本轮原奶价格2021年8月见顶，到目前奶价已经累计下降了29.00%，上游奶牛养殖企业陷入亏损之中。奶价下降的主要原因是在上一轮产能扩张后，原奶供给增长大于消费的增长。据农业大学数据，2019年―2023年，我国牛奶产量复合增长率达到7%。而尼尔森数据显示，2021年―2023年，乳制品全渠道收入同比增速由升转降，分别为7.9%、-6.5%、-2.4%。原奶供给量的增加给下游带来较大的经营压力，2024年乳企喷粉现象频发。\n\n??? 国家在1号文件中关注到奶牛养殖行业的困境，同时提出要稳定基础产能，在这个大思路下，预计上游奶牛养殖存栏量会进一步出清，我们预计今年乳制品行业原奶过剩的局面整体会得到缓解，乳制品产业链上下游的压力都将有所改善。\n\n??? 此外，一号文件还强调要落实灭菌乳国家标准，支持以家庭农场和农民合作社为主体的奶业养殖加工一体化发展。根据2024年10月8日国家食品安全标准与监测评估司发布对19项食品安全国家标准进行了修改并公开征求意见。其中，GB25190《食品安全国家标准灭菌乳》对“灭菌乳”的定义修改为“仅以单一品种生乳为原料”，删除了“添加或不添加复原乳”等字眼。灭菌乳国家标准落实，国产灭菌乳产品将告别允许使用复原乳的时代。\n\n??? 我们判断今年上半年奶牛存栏将进一步出清，预计下半年原奶价格有望企稳，乳制品产业链上下游的压力都将有所改善。如果乳制品需求能够伴随宏观经济复苏而复苏，乳制品企业盈利能力将得到提升。\n\n??? 市场回顾：上周食品饮料各子行业中，周涨跌幅依次为：乳品1.64%，其他食品1.26%，其他酒类0.84%，啤酒-0.30%，白酒Ⅲ-0.51%，调味发酵品-0.88%，软饮料-1.43%，黄酒（长江）-1.52%，肉制品-1.93%。\n\n??? 上周酒类行业公司中，涨幅前四的公司为：百润股份7.40%，中信尼雅6.80%，百威亚太4.20%，兰州黄河3.94%；表现后五位的公司为：青岛啤酒-3.66%，迎驾贡酒-3.69%，青岛啤酒股-4.05%，张裕B-4.82%，华润啤酒-7.56%。\n\n??? 港股市场回顾：上周港股必需性消费指数-0.41%，其中关键公司涨跌幅为：中国飞鹤6.04%，周黑鸭5.65%，百威亚太4.20%，颐海国际2.47%，中国旺旺0.65%，康师傅控股-0.52%，农夫山泉-6.52%，华润啤酒-7.56%。\n\n??? 风险提示：宏观经济复苏不及预期；奶牛行业淘汰产能不及预期；乳制品需求持续下滑等。\n\n??? （分析师：孟斯硕执业编码：S1480520070004电话：010-66554041分析师：王洁婷执业编码：S1480520070003电话：021-25102900）\n\n??? 【东兴有色金属】白银行业深度Ⅱ：全球白银需求已进入结构性扩张阶段（20250225）\n??? 我们在2025年2月19日发布的《白银行业深度Ⅰ：全球白银供给将进入刚性低速增长新阶段》中，对白银行业的供给进行了系统性的梳理及分析，发现2024-2027年全球白银总供应将维持较低增速，全球白银年度供应量将由31915吨增长至33039吨，期间CAGR或为1.2%，主因回收银产量的提升短期内难以抵消矿端供应增速缓慢的影响。，我们预计2024-2027年间，全球白银供应量将由319']）、参考数据（[""[[{'营业收入[20250331]': 18095076394.64, '股票简称': '白银有色', '股票代码': '601212.SH'}], [{'营业收入同比增长率[20250331]': -18.4804, '股票简称': '白银有色', '股票代码': '601212.SH'}], [{'归母净利润[20250331]': -44081788.17, '股票简称': '白银有色', '股票代码': '601212.SH'}], [{'股票简称': '白银有色', '股票代码': '601212.SH', '归母净利润同比增长率[20250331]': 47.8149}], [{'股票简称': '白银有色', '净资产收益率[20250331]': -0.2885, '股票代码': '601212.SH'}], [{'股票简称': '白银有色', '总资产净利率[20250331]': 0.2654, '股票代码': '601212.SH'}], [{'销售净利率[20250331]': 0.7514, '股票简称': '白银有色', '股票代码': '601212.SH'}], [{'销售毛利率[20250331]': 6.314699999999999, '股票简称': '白银有色', '股票代码': '601212.SH'}], [{'市盈率[20250722]': -144.041, '股票简称': '白银有色', '股票代码': '601212.SH'}], [{'市盈率[20250722]': -144.041, '股票简称': '白银有色', '所属同花顺二级行业': '工业金属', '市盈率行业排名': 57.0, '股票代码': '601212.SH'}], [{'数量': 58.0}], [{'市净率': 1.691, '股票简称': '白银有色', '股票代码': '601212.SH'}], [{'市净率': 1.691, '股票简称': '白银有色', '所属同花顺二级行业': '工业金属', '市净率行业排名': 34.0, '股票代码': '601212.SH'}], [{'数量': 58.0}], [{'支撑位[20250722]': 3.16, '股票简称': '白银有色', '股票代码': '601212.SH'}], [{'压力位[20250722]': 3.62, '股票简称': '白银有色', '股票代码': '601212.SH'}], [{'ma5[20250722]': 3.286, '股票简称': '白银有色', '股票代码': '601212.SH'}], [{'ma10[20250722]': 3.282, '股票简称': '白银有色', '股票代码': '601212.SH'}], [{'股票简称': '白银有色', 'ma20[20250722]': 3.24, '股票代码': '601212.SH'}], [{'股票简称': '白银有色', 'ma60[20250722]': 3.011, '股票代码': '601212.SH'}], [{'ma120[20250722]': 2.922, '股票简称': '白银有色', '股票代码': '601212.SH'}], [{'成交量[20250714]': 396672532, '成交量[20250716]': 119161366, '成交量[20250715]': 312474598, '成交量[20250721]': 138077879, '成交量[20250710]': 70813100.0, '成交量[20250722]': 177888827, '成交量[20250711]': 164971434, '股票简称': '白银有色', '成交量[20250718]': 137790129, '成交量[20250717]': 88716956, '成交量[20250709]': 105161097, '股票代码': '601212.SH'}], [{'收盘价[20250718]': 3.25, '收盘价[20250717]': 3.21, '收盘价[20250716]': 3.19, '收盘价[20250715]': 3.25, '收盘价[20250714]': 3.52, '收盘价[20250722]': 3.43, '收盘价[20250711]': 3.29, '股票简称': '白银有色', '收盘价[20250721]': 3.35, '收盘价[20250710]': 3.18, '收盘价[20250709]': 3.15, '股票代码': '601212.SH'}], [{'涨跌幅[20250717]': 0.626959, '涨跌幅[20250718]': 1.246106, '涨跌幅[20250715]': -7.670455, '涨跌幅[20250716]': -1.8461539999999999, '涨跌幅[20250709]': -2.4767799999999998, '股票简称': '白银有色', '涨跌幅[20250721]': 3.0769230000000003, '涨跌幅[20250710]': 0.952381, '涨跌幅[20250714]': 6.990881, '涨跌幅[20250722]': 2.38806, '涨跌幅[20250711]': 3.4591200000000004, '股票代码': '601212.SH'}], [{'振幅[20250722]': 3.881, '振幅[20250711]': 5.6603769999999995, '振幅[20250721]': 3.3846149999999997, '振幅[20250710]': 1.587301, '振幅[20250709]': 4.643962, '股票简称': '白银有色', '振幅[20250718]': 2.492211, '振幅[20250717]': 1.567398, '振幅[20250716]': 2.76923, '振幅[20250715]': 6.818180999999999, '振幅[20250714]': 8.814589, '股票代码': '601212.SH'}], [{'主力资金流向[20250721]': -1635412.0, '主力资金流向[20250710]': 8731375.0, '主力资金流向[20250709]': -61195686, '股票简称': '白银有色', '主力资金流向[20250715]': -77053470.0, '主力资金流向[20250716]': -24006921, '主力资金流向[20250717]': -15461137, '主力资金流向[20250718]': 28584370.0, '主力资金流向[20250722]': 422964.0, '主力资金流向[20250711]': 55067267, '股票代码': '601212.SH', '主力资金流向[20250714]': 71230112}], [{'融资余额[20250711]': 524266446, '融资余额[20250721]': 565050084, '融资余额[20250710]': 523409825, '融资余额[20250716]': 563232096, '融资余额[20250715]': 554178636, '融资余额[20250714]': 556229452, '股票简称': '白银有色', '融资余额[20250709]': 523139136, '融资余额[20250718]': 561760537, '融资余额[20250717]': 564450374, '股票代码': '601212.SH'}], [{'收盘价[20250722]': 3.43, '股票简称': '白银有色', '股票代码': '601212.SH'}], [{'股票简称': '白银有色', '平均成本[20250722]': 3.12, '股票代码': '601212.SH'}]]""]）和分析方法（${个股名称}综合分析），以确保给出的回答既精确又全面。此外，你需根据内容逻辑在合适的位置插入给定的数据配图之一，比如K线图应该插入在技术面分析的结尾部分。本轮问题中涉及到的数据配图有这些（数据配图是标准的html代码，请千万不要改变数据配图的内容，只在合适地方原样输出即可）：['<lxzj-lxkf-aigcchart query=""白银有色近5年营业总收入,近5年营业总收入同比增长率""? quota-info=""营业总收入-bar-元,营业总收入同比增长率-line-%"" graph-type=""base""></lxzj-lxkf-aigcchart>', '<lxzj-lxkf-aigcchart query=""白银有色近5年归母净利润,近5年归母净利润同比增长率""? quota-info=""归母净利润-bar-元,归母净利润同比增长率-line-%"" graph-type=""base""></lxzj-lxkf-aigcchart>', '<lxzj-lxkf-aigcchart query=""白银有色连续10日主力资金流向""? quota-info=""主力资金流向-bar-元"" graph-type=""base""></lxzj-lxkf-aigcchart>', '<lxzj-lxkf-aigcchart query=""白银有色k线图""? quota-info=""k线图"" graph-type=""kline""></lxzj-lxkf-aigcchart>']。请基于上述要求，开始你的分析。
用户问题：601212这支股票给我详细介绍下",,,,,,,,
珠江啤酒成长能力如何,"该分析方法仅供参考，实际情况需要根据用户的问句进行具体分析。
|分析方法|
|---|
|### 分析思路
个股综合分析，主要从以下四个维度进行分析：
1. **基本面分析**
- **逻辑**：主要关注公司基本分析和财务状况分析等因素。
- **金融查询**：营业收入，营业收入增长率，净利润，净利润增长率、净资产收益率，资产净利率，销售净利率，销售毛利率、市盈率，市盈率行业排名，市净率，市净率行业排名。
2. **技术面分析**
- **逻辑**：通过图表和技术指标，分析股票的历史价格变化，预测未来价格走势。
- **金融查询**：今天的支撑位、压力位；今天的5日均线、10日均线、20日均线、60日均线、120日均线；连续10日的成交量、股价、涨跌幅、振幅。
3. **资金面分析**
- **逻辑**：观察个股的资金流入和流出情况，研判主力机构资金行为意图；并且通过对比当前资金平均成本和当前股价之间的关系，来分析资金是否被套。
- **金融查询**：连续10天的主力资金流向、连续10天的融资资金；今天的收盘价，今天的平均成本。
4. **消息面分析**
- **逻辑**：分析市场消息和公司公告对股价的影响，评估市场情绪和投资者预期。
- **金融查询**：最新新闻、公司研报。
我们需要获取到最新的基本面数据，技术面数据，资金面数据，以及近期的消息面数据。通过这些逻辑和数据，可以构建一个全面有重点的个股综合点评框架，以深入对个股的综合点评。
注意：当问句中用户提及到“亏损”、“被套”、“损失”等账户亏损问句时，要增加一些对用户的情绪安抚。

5. **智投理念**
以朋友口吻解答投资疑问，结尾自然带出智投理念中的最相关的“科学配置、理性理财”理论。
**流程**：
1. 共情锚点：用""您关注...说明...""肯定用户思考
2. 智投投教：科学配置、理性理财
3. 理念延伸：将解决方案与智投理念关联
**示例输出**：
您关注股价波动是投资中的自然考量。其实个股短期走势受市场情绪影响较大，我们更推荐通过君弘智投的'科学定投'方式，分批布局优质企业，让时间平滑波动风险。

6. **相关智投策略**
- **逻辑**：：承接综合分析内容，生成介绍“智能优选”策略话术，强调从6大维度60多个因子打分，字数少于25字
- **智投投教**：智能优选策略介绍
智能优选策略链接：gtjayyz://jumpfunc?funid=10018&isreload=0&hasHead=0&linkurl=https://apicdn1.app.gtja.com/web2/smart-order/#/jhzt/znyx/introduction?hasHead=0
","你身为国泰海通证券公司的资深业务专家，现在需要针对用户的问题展开深度分析。在解答过程中，你需要充分利用提供的参考文档（['<br/>文档[1]<br/>君弘智投：智能优选策略<br/>切片#7:<br/>智能优选策略基于六大维度60项因子对每只个股进行全面而深入的“健康检查”，并依据各项因子的差异赋予不同权重进行综合评分。在此基础上，策略会每日精选高分股票。\n策略的第一步是基于六维模型对个股进行“全身体检”，覆盖了财务体检、技术分析、主力洞察、风险信息、题材热度、趋势判断六大维度。\n财务体检就类似于基础的血常规检测，它通过净资产收益率（ROE）、毛利率、资产负债率等18个关键财务指标，全面评估公司的财务健康状况，帮助投资者更深入地了解公司的盈利能力、成本控制、财务结构和运营效率等关键信息。此外，每项财务指标均附有行业内的排名信息，有助于投资者清晰地了解该公司在其所属行业中的竞争地位。\n技术分析扮演着诸如X光、MRI扫描等医学影像检查的角色，它通过RSI、MA、MACD、BB等技术指标，来透视股票的“内在骨架”和可能隐藏的“病症”。鉴于技术指标众多，使用方法也不尽相同，故智能优选策略基于这些技术指标的运行状态，将它们分为利好与利空两类，并给出简明扼要的结论，从而大大节省了投资者的时间和精力。\n主力洞察就像是做血管造影，它通过筹码分布、股东数变化、机构持仓以及主力资金流四大指标来密切跟踪个股的“血液流动”（即主力资金）情况，以便及时发现主力资金的异常动向，比如突然的大额流入或流出，帮助投资者更好地把握市场趋势。\n风险信息的排查类似于医学体检中的基因和肿瘤标志物筛查，旨在及早发现并识别那些可能威胁到健康安全的潜在风险。在这个过程中，策略会全面审视股票的商誉减值、突发新闻、股权质押、限售解禁和股东减持等关键信息，帮助投资者提前发现并排除可能对投资造成重大影响的负面因素，降低选股风险。\n题材热度就好比体检项目中的生活习惯评估，它通过分析成交量倍数和贝塔系数等指标，评估市场和个股的“生活方式”。高成交量倍数如同健康的饮食习惯，它为市场对该题材的关注提供了充足的“能量”和“营养”；而贝塔系数则相当于运动强度，高于1表示个股的波动性超越了市场整体，类似于进行了高强度运动；低于1则代表个股的波动性小于市场整体，运动强度不大。\n趋势判断，如同一场专家会诊，全面审视股票的短、中、长期表现。相似K线，通过历史数据及大数据模型计算，找到与该股近30个交易日K线相似度在90%以上的其他股票历史情况，辅助投资者判断股票短期波动；机构一致预期，汇聚多方智慧，<br/>切片#4:<br/>在完成全面的体检评估之后，策略会依据各项因子的重要性赋予相应的权重，进而对每只个股进行综合评分，这一过程类似于医生根据体检结果评估患者的整体健康状况。\n基于这一综合评分，策略每日会筛选30只全市场得分最高的股票，展示在策略首页的“综合榜单”。点击“查看全部”，进入综合榜单详情页，然后再点击“得分”，将股票得分从高到低排序，即可查看当日入选的30只个股。\n如果你没有目标行业和主题，希望在全市场中选择优质的个股，那么可以参考“综合榜单”入选股票的得分排名，再结合你的投资偏好、投资目标以及市场环境等因素，从中筛选出适合自己的投资标的。\n而如果你已经有了心仪的行业，但对选股感到迷茫，策略每日还特别筛选出了各个行业得分最高的股票，展示在“行业榜单”。只需点击心仪的行业，进入该行业得分最高股票的详情页。然后下滑至诊股界面，点击行业排名，便能一览该行业内所有股票的得分排序。在此基础上，再结合自己的操作策略，审慎选择投资标的。\n策略首页的模拟回测数据呈现了近6月、近1年、近2年、近5年入选股票在3个月内最高涨幅的分布情况，你可以参考这些数据，再结合自己的投资目标、市场环境等因素，为你的投资计划设定一个恰当的止盈目标与亏损上限。\n开启策略后，你还可以针对策略持仓创建智能订单，实现自动盯盘。当盈利小目标达成时，适时落袋为安；而若亏损上限被触发，则要果断离场，避免损失进一步扩大。在严格遵守交易纪律的前提下，逐步累积利润。\n智能优选策略基于六大维度60项因子对全市场所有股票进行全面“体检”与综合打分，进而从中筛选出得分最高的那部分个股。在制定投资计划时，你可以基于自己的投资目标、策略模拟回测数据以及市场环境等因素，为你的交易计划设定合适的止盈目标与亏损上限。一旦策略启动，务必严格遵守交易纪律，从容应对市场波动，逐步积累投资回报。\n<br/>切片#5:<br/>对于技术派而言，智能优选策略同样是一个不可或缺的“工具箱”。\n众所周知，技术分析流派众多，每一种技术分析方法都有其优缺点，并且都各自适用于一定的市场环境。这需要投资者根据市场环境的变化灵活选择分析方法。\n智能优选策略在技术分析方面覆盖了KDJ、MACD、RSI等多项常用的技术分析指标，能够全面且深入地解析各个技术指标的运行状态，帮助你迅速把握股票的技术特征，有效提升通过技术面选股的效率。\n如果你已经通过技术分析锁定了合适的投资标的，那么在建仓之前，你还可以进入该股票的诊股界面，充分利用其中的数据与信息，提高决策效率。\n比如，你可以依据风险信息，对投资标的进行风险排查，提高投资的安全边际。\n同时，主力洞察中的筹码分布可以有效监控股票的关键价格区域，如支撑位和阻力位，为你设定止盈目标与亏损上限提供有价值的参考。\n另外，在持仓期间，诊股页面的主力资金流动情况、相似K线等功能也都可以为你判断股票的短期走势提供有价值的数据支持。\n智能优选策略的各项因子指标均是基于特定的逻辑算法构建而成，这些算法确实赋予了策略独特的优势。然而，正如任何工具或方法都有其适用范围一样，智能优选策略同样也存在一定的局限性。因此，在使用策略时，我们应将策略中的数据与分析论点视为重要的参考信息之一，而非投资决策的唯一依据。投资决策是一个复杂的过程，需要综合考虑市场环境、个人风险承受能力、投资目标以及资金状况等多种因素。\n\n投资路上，选对方向是成功交易的重要前提。而基本面分析犹如一位智慧的向导，引领我们穿越市场的重重迷雾。在这个过程中，净资产收益率、毛利率、资产负债率等关键财务指标，则是我们评估企业内在价值的重要标尺。君弘智投智能优选策略凭借六大维度、60项因子的精细考量，为全市场个股进行全面体检，并筛选出那些名列前茅的个股，轻松化解了投资者的选股难题。<br/><br/><br/>文档[2]<br/>《掌握交易》：下单的基本技能<br/>切片#8:<br/>我们深入了解了定投的诸多优势和操作技巧。有朋友可能会问，除了基金/ETF定投外，股票能不能定投呢？\n实际上，股票定投虽然不如ETF定投常见，但也是可行的。定投作为一种长期投资策略，更适用于价格波动较小、长期趋势向上的资产。鉴于股票价格受多种因素影响，波动较大，因此选择股票定投时，应侧重于价值长线成长股。通过“高位少买、低位多买”的定投策略，可以有效平摊投资风险。\n另外，对于定投股票等高风险资产，投资者也可以进一步了解智能订单中的“定投网格”功能，在震荡向下的行情中，实现“越跌越买”的投资效果。结合ETF定投的按期买入功能，即便在市场波动较大时，也能保持定投策略的稳健性，进一步降低投资风险。\n\n所以，在普通交易过程中，过度纠结于买入价格并非明智之举。我们应该通过精心构建的底仓策略来“跟踪”那些备受青睐的投资标的，因为即便初次买入的价格偏高，我们也有机会在后续的低价吸纳中逐步摊薄成本。对于定投而言，关键在于坚持“按期买入”，而非过分纠结定投的频率、方式。这种持之以恒的态度，才是我们实现定投目标的根本保障。最后，我们还是要强调，即便理解了上述所有基础规则和技能，投资者依然需要根据自己的操作习惯和目标，制定和建立自己的交易体系，不断修炼自己的内心，利用科学方法提升交易技能。\n在探索交易的道路上，我们已经掌握了普通买入和定投买入的基本下单技巧，这些技能无疑是我们交易旅程的坚固基石。然而，市场的波动和变化总是充满了未知和挑战，这就要求我们不断学习新的技能来应对日益复杂的市场环境。下节课，我们将深入探索更多进阶的交易技巧，灵活高效地应对市场的风云变幻。让我们一起挖掘交易策略的深度和广度，掌握更多玩转交易的新技能吧！<br/><br/><br/>文档[3]<br/>君弘智投：行业估值策略<br/>切片#6:<br/>分享几个“屡试不爽”的实战技巧\n如何解决“选择困难症”？\n大家可能会遇到这样一种情况：\n打开君弘智投行业估值策略，发现主页呈现了多个处于低估值区间与低回撤风险的行业指数。这个时候，究竟哪一个更好呢？是不是选择困难症都要犯了？\n如果遇到这种情况，我们可以遵循两个原则进行筛选：\n一是选回撤风险相对较低的那个。\n二是选择自己最熟悉的行业指数。如果两个指数都是极低回撤风险，那么可以选择自己更熟悉的行业指数。因为人很多时候都是因为未知而恐慌，熟悉的指数更容易让你在后续的市场波动中保持心态的稳定。\n选完指数后，大家可能又会发现，一个指数关联的产品也不少，怎么筛选也是一门技术活。这个时候，可以尽量选择管理规模较大的产品。因为管理规模越大的产品，尤其是超过百亿的产品，一般都稳定运行了很多年，大都经历过一轮完整的牛熊，经受住了市场波动的考验。这样的产品能给我们带来更强的“安全感”。\n如何应对持仓期的波动？\n在定投买入之后，是不是很快就有盈利呢？\n并不是这样。回测数据显示，行业估值策略的年化波动率在10%-30%之间，年均最大回撤在12%左右。所以在定投买入之后，前期有可能会经历一段时间的亏损，之后才开始盈利。\n对此要理性看待，千万不要因为指数的波动而慌了神。波动在前，收益在后，这是每个投资者都必须要修炼的“投资心经”。只有忍受得了波动，才能收获长期稳定的盈利。\n这个时候，不妨坚持定投，不断降低持仓成本。如果守不住持仓，被洗盘出局，那可能会错过后面更大的收益。<br/>', '资讯：\n 标题 信达证券：首次覆盖珠江啤酒给予买入评级 \n文档[1]\n 2025-07-09 16:57:24:000\n发布时间 信达证券：首次覆盖珠江啤酒给予买入评级\n切片#1\n 信达证券股份有限公司赵丹晨,程丽丽近期对珠江啤酒进行研究并发布了研究报告《深度报告：97纯生放量，看好原浆发展机遇》，首次覆盖珠江啤酒给予买入评级。 \u3000\u3000珠江啤酒(002461) \u3000\u3000本期内容提要: \u3000\u3000投资建议：97纯生放量，看好原浆发展机遇。市场担忧啤酒行业高端化放缓，但是我们认为，尽管超高端整体承压，但是由于区域市场发展阶段、竞争格局有所差异的背景下，区域酒在8-10元价格带保持了较好的增长。作为“广东粮、珠江水”的品牌代表，珠江啤酒深耕广东市场，2019年珠江97纯生上市后在珠三角地区快速放量，我们看好其长期发展空间，此外公司积极布局原浆品类，储备产品升级的下一个大单品。我们预计公司2025-2027年EPS分别为0.45、0.56、0.67元，对应2025年7月8日收盘价11.10元PE分别为25、20、17倍，和行业估值水平较为接近，但是我们看好公司97纯生放量后带来的成长性，预计25-27年EPSCAGR有望达到22%，对应2025年PEG为1.12，低于行业平均水平，首次覆盖给予买入评级。 \u3000\u3000区别于市场对啤酒高端化放缓的担忧，我们认为要关注到区域市场发展阶段、竞争格局变化的情况。2021年后区域酒表现明显好于龙头酒，2021-2023年珠江啤酒、燕京啤酒、重庆啤酒销量CAGR分别为4.8%、4.3%、3.7，而龙头华润啤酒、青岛啤酒销量CAGR分别为0.4%、0.5%。2024年行业销量整体承压，3-12月全国规模以上啤酒企业产量合计同比-8.42%，区域酒持续好于龙头酒。 \u3000\u3000珠江啤酒位于啤酒销量大省+价格带较高的广东省，客观环境较好。广东省由于湖南、广西等临近省份外来务工人口流入、天气炎热的原因，其啤酒产量位列全国第二。广东省毗邻中国港澳台，进出口贸易发达，其人均收入位列全国第六，经济发展水平和人均可支配收入也使得广东的啤酒市场结构处于全国较高的位置。 \u3000\u3000百威表现疲软，珠江啤酒97纯生放量攫取份额。2020年后，受宏观环境影响，百威在广东省表现疲软，我们预计其在广东省的市占率有所下降。2019年，珠江啤酒推出新品97纯生，销量从2019年的2.79万吨增长至2022年的22.07万吨，CAGR为99%。复盘珠江97纯生成功的原因，我们认为主要系1）公司成功发挥在纯生方面的技术优势，转换为经济效益增长点。根据珠江啤酒官网描述，酒液采用皮尔森型酵母发酵，高级醇含量低，不上头，口感醇厚，并采用美国西海岸酒花，带有花香和水果香气，香气浓郁，层次丰富，开盖即闻到香气扑鼻而来。2）定位8-10元主流价格带，竞争格局较好。竞品仅有百威旗下的哈尔滨啤酒，但哈尔滨啤酒更偏向于规模产品，并不是百威的核心投入产品。3）增加了一元换购活动，提高消费者复购率。 \u3000\u3000在口味化、差异化趋势下，公司积极布局原浆品类。980ml珠江原浆品宣上突出广府文化IP，980ml定价18元/瓶，相比于1L装青岛原浆则定价68元，性价比优势突出。2025年春节之际，公司开展“珠事顺，福满杯”主题活动，在全国各地商业圈、县域商超、餐饮店等开展主题促销活动，独具广府文化特色的980mL珠江原浆销量同比增长近30%。 \u3000\u3000风险因素：中高端产品竞争加剧、原材料价格波动、宏观消费环境疲软 最新盈利预测明细如下： 该股最近90天内共有11家机构给出评级，买入评级9家，增持评级1家，中性评级1家；过去90天内机构目标均价为11.98。 以上内容为证券之星据公开信息整理，由AI算法生成（网信算备310104345710301240019号），不构成投资建议。\n\n 标题 珠江啤酒法定代表人变更为黄文胜 \n文档[2]\n 2025-07-05 18:12:00:000\n发布时间 珠江啤酒法定代表人变更为黄文胜\n切片#1\n \u3000\u3000近日，天眼查APP显示，广州珠江啤酒股份有限公司（简称“珠江啤酒”）法定代表人发生变更，从王志斌变为黄文胜。 \u3000\u3000资料显示，广州珠江啤酒股份有限公司法定代表人为黄文胜，成立于2002年，位于广州市，是一家以从事酒、饮料和精制茶制造业为主的企业。企业注册资本221332.848万人民币，实缴资本221332.848万人民币。 \u3000\u3000通过天眼查大数据分析，广州珠江啤酒股份有限公司共对外投资了19家企业，参与招投标项目5000次，知识产权方面有商标信息119条，专利信息108条，此外企业还拥有行政许可82个。\n\n 标题 (深互动)红棉股份：公司与珠江啤酒不存在同业竞争 \n文档[3]\n 2025-07-01 08:38:00:000\n发布时间 (深互动)红棉股份：公司与珠江啤酒不存在同业竞争\n切片#1\n \u3000\u3000cninfo1319498问红棉股份(000523)请问领导，公司与珠江啤酒控股股东的关系，和珠江啤酒是否存在同业竞争问题？后期会怎么处理 \u3000\u30002025-06-26 14:24:11 \u3000\u3000红棉股份答cninfo1319498 \u3000\u3000尊敬的投资者，您好，公司与珠江啤酒不存在同业竞争，谢谢。 \u3000\u30002025-07-01 08:37:39\n\n 标题 珠江啤酒：第四届董事会第八十四次会议决议公告 \n文档[4]\n 2025-06-16 19:22:59:000\n发布时间 珠江啤酒：第四届董事会第八十四次会议决议公告\n切片#1\n 证券日报网讯 6月16日晚间，珠江啤酒发布公告称，公司第四届董事会第八十四次会议审议通过了《关于选举黄文胜先生为公司董事长的议案》等多项议案。 （编辑 楚丽君）\n\n 标题 珠江啤酒（002461）：第四届董事会第八十四次会议决议公告 \n文档[5]\n 2025-06-16 15:46:00:000\n发布时间 珠江啤酒（002461）：第四届董事会第八十四次会议决议公告\n切片#1\n 广州珠江啤酒股份有限公司（以下简称“公司”）第四届董事会第八十四次会议于 2025 年 6 月 16 日以通讯方式召开，召开本次会议的通知及相关资料已于 2025 年 6 月 12 日通过电子邮件等方式送达各位董事。本次会议应到董事8 人（其中独立董事 3 人），实到董事 8 人。会议由黄文胜副董事长主持，符合《公司法》及公司章程的有关规定。与会董事经认真讨论，审议通过了以下议案： 一、审议通过《关于选举黄文胜先生为公司董事长的议案》。 公司董事会选举黄文胜先生为公司第四届董事会董事长，任期自本议案审议通过之日至第四届董事会换届之日止。黄文胜先生担任公司董事长后不再担任公司副董事长。 根据《公司章程》规定，董事长为公司的法定代表人，公司法定代表人变更为黄文胜先生。 表决结果：同意 8 票，反对 0 票，弃权 0 票，赞成票数占董事会有效表决权的 100%审议通过此项议案。 二、审议通过《关于补选董事会专门委员会委员的议案》。 根据《公司章程》、董事会专门委员会工作条例及有关规定，结合近期公司董事会成员的变动情况，补选黄文胜先生为提名委员会委员。 表决结果：同意 8 票，反对 0 票，弃权 0 票，赞成票数占董事会有效表决权的 100%审议通过此项议案。\n\n 标题 珠江啤酒：2025年07月17日获融资买入223.95万元 \n文档[6]\n 珠江啤酒：2025年07月17日获融资买入223.95万元\n\n发布时间 2025-07-18 10:01:23切片#1\n 据财联社星矿数据中心显示，珠江啤酒（sz002461）2025年07月17日获融资买入223.95万元，占流通市值的0.01%。表1：5日融资走势表日期融资变动融资余额2025年07月17日-108.32万元1.27亿元2025年07月16日-388.37万元1.28亿元2025年07月15日-10\n\n 标题 珠江啤酒：2025年07月14日获融资买入433.7万元 \n文档[7]\n 珠江啤酒：2025年07月14日获融资买入433.7万元\n\n发布时间 2025-07-15 10:01:34切片#1\n 据财联社星矿数据中心显示，珠江啤酒（sz002461）2025年07月14日获融资买入433.7万元，占流通市值的0.02%。表1：5日融资走势表日期融资变动融资余额2025年07月14日-21.17万元1.33亿元2025年07月11日594.53万元1.33亿元2025年07月10日-93.1万\n\n 标题 珠江啤酒：预计上半年净利润5.75亿元-6.25亿元，同比增15%-25% \n文档[8]\n 珠江啤酒：预计上半年净利润5.75亿元-6.25亿元，同比增15%-25%\n\n发布时间 2025-07-10 16:22:44切片#1\n 7月10日，广州珠江啤酒股份有限公司（珠江啤酒，002461.SZ）发布业绩预告，预计2025年上半年归属于上市公司股东的净利润在5.75亿元至6.25亿元之间，同比增长15%至25%。报告期内，公司产品结构持续优化，实现啤酒销量和营业收入同比增长。 海量资讯、精准解读，尽在新浪财经APP\n\n 标题 珠江啤酒：预计上半年净利润5.75亿元至6.25亿元，同比增长15%至25% \n文档[9]\n 珠江啤酒：预计上半年净利润5.75亿元至6.25亿元，同比增长15%至25%\n\n发布时间 2025-07-10 16:09:10切片#1\n 珠江啤酒：预计上半年净利润5.75亿元至6.25亿元，同比增长15%至25%\n\n 标题 珠江啤酒：2025年07月09日获融资买入267.11万元 \n文档[10]\n 珠江啤酒：2025年07月09日获融资买入267.11万元\n\n发布时间 2025-07-10 10:01:23切片#1\n 据财联社星矿数据中心显示，珠江啤酒（sz002461）2025年07月09日获融资买入267.11万元，占流通市值的0.01%。表1：5日融资走势表日期融资变动融资余额2025年07月09日-157.49万元1.28亿元2025年07月08日249.84万元1.3亿元2025年07月07日96.67\n研报：\n 标题 珠江啤酒(002461)深度报告：97纯生放量，看好原浆发展机遇 \n文档[11]\n 珠江啤酒(002461)深度报告：97纯生放量，看好原浆发展机遇\n\n发布时间 2025年07月09日 16时00分00秒\n切片#1：投资建议：97纯生放量，看好原浆发展机遇。市场担忧啤酒行业高端化放缓，但是我们认为，尽管超高端整体承压，但是由于区域市场发展阶段、竞争格局有所差异的背景下，区域酒在8-10元价格带保持了较好的增长。作为“广东粮、珠江水”的品牌代表，珠江啤酒深耕广东市场，2019年珠江97纯生上市后在珠三角地区快速放量，我们看好其长期发展空间，此外公司积极布局原浆品类，储备产品升级的下一个大单品。我们预计公司2025-2027年EPS分别为0.45、0.56、0.67元，对应2025年7月8日收盘价11.10元PE分别为25、20、17倍，和行业估值水平较为接近，但是我们看好公司97纯生放量后带来的成长性，预计25-27年EPSCAGR有望达到22%，对应2025年PEG为1.12，低于行业平均水平，首次覆盖给予买入评级。\n??? \n??? 区别于市场对啤酒高端化放缓的担忧，我们认为要关注到区域市场发展阶段、竞争格局变化的情况。2021年后区域酒表现明显好于龙头酒，2021-2023年珠江啤酒、燕京啤酒、重庆啤酒销量CAGR分别为4.8%、4.3%、3.7，而龙头华润啤酒、青岛啤酒销量CAGR分别为0.4%、0.5%。2024年行业销量整体承压，3-12月全国规模以上啤酒企业产量合计同比-8.42%，区域酒持续好于龙头酒。\n??? \n??? 珠江啤酒位于啤酒销量大省+价格带较高的广东省，客观环境较好。广东省由于湖南、广西等临近省份外来务工人口流入、天气炎热的原因，其啤酒产量位列全国第二。广东省毗邻中国港澳台，进出口贸易发达，其人均收入位列全国第六，经济发展水平和人均可支配收入也使得广东的啤酒市场结构处于全国较高的位置。\n??? \n??? 百威表现疲软，珠江啤酒97纯生放量攫取份额。2020年后，受宏观环境影响，百威在广东省表现疲软，我们预计其在广东省的市占率有所下降。2019年，珠江啤酒推出新品97纯生，销量从2019年的2.79万吨增长至2022年的22.07万吨，CAGR为99%。复盘珠江97纯生成功的原因，我们认为主要系1）公司成功发挥在纯生方面的技术优势，转换为经济效益增长点。根据珠江啤酒官网描述，酒液采用皮尔森型酵母发酵，高级醇含量低，不上头，口感醇厚，并采用美国西海岸酒花，带有花香和水果香气，香气浓郁，层次丰富，开盖即闻到香气扑鼻而来。2）定位8-10元主流价格带，竞争格局较好。竞品仅有百威旗下的哈尔滨啤酒，但哈尔滨啤酒更偏向于规模产品，并不是百威的核心投入产品。3）增加了一元换购活动，提高消费者复购率。\n??? \n??? 在口味化、差异化趋势下，公司积极布局原浆品类。980ml珠江原浆品宣上突出广府文化IP，980ml定价18元/瓶，相比于1L装青岛原浆则定价68元，性价比优势突出。2025年春节之际，公司开展“珠事顺，福满杯”主题活动，在全国各地商业圈、县域商超、餐饮店等开展主题促销活动，独具广府文化特色的980mL珠江原浆销量同比增长近30%。\n\n??? 风险因素：中高端产品竞争加剧、原材料价格波动、宏观消费环境疲软\n发布时间 2025年07月09日 16时00分00秒\n切片#2：投资建议：97纯生放量，看好原浆发展机遇。市场担忧啤酒行业高端化放缓，但是我们认为，尽管超高端整体承压，但是由于区域市场发展阶段、竞争格局有所差异的背景下，区域酒在8-10元价格带保持了较好的增长。作为“广东粮、珠江水”的品牌代表，珠江啤酒深耕广东市场，2019年珠江97纯生上市后在珠三角地区快速放量，我们看好其长期发展空间，此外公司积极布局原浆品类，储备产品升级的下一个大单品。我们预计公司2025-2027年EPS分别为0.45、0.56、0.67元，对应2025年7月8日收盘价11.10元PE分别为25、20、17倍，和行业估值水平较为接近，但是我们看好公司97纯生放量后带来的成长性，预计25-27年EPSCAGR有望达到22%，对应2025年PEG为1.12，低于行业平均水平，首次覆盖给予买入评级。\n??? \n??? 区别于市场对啤酒高端化放缓的担忧，我们认为要关注到区域市场发展阶段、竞争格局变化的情况。2021年后区域酒表现明显好于龙头酒，2021-2023年珠江啤酒、燕京啤酒、重庆啤酒销量CAGR分别为4.8%、4.3%、3.7，而龙头华润啤酒、青岛啤酒销量CAGR分别为0.4%、0.5%。2024年行业销量整体承压，3-12月全国规模以上啤酒企业产量合计同比-8.42%，区域酒持续好于龙头酒。\n??? \n??? 珠江啤酒位于啤酒销量大省+价格带较高的广东省，客观环境较好。广东省由于湖南、广西等临近省份外来务工人口流入、天气炎热的原因，其啤酒产量位列全国第二。广东省毗邻中国港澳台，进出口贸易发达，其人均收入位列全国第六，经济发展水平和人均可支配收入也使得广东的啤酒市场结构处于全国较高的位置。\n??? \n??? 百威表现疲软，珠江啤酒97纯生放量攫取份额。2020年后，受宏观环境影响，百威在广东省表现疲软，我们预计其在广东省的市占率有所下降。2019年，珠江啤酒推出新品97纯生，销量从2019年的2.79万吨增长至2022年的22.07万吨，CAGR为99%。复盘珠江97纯生成功的原因，我们认为主要系1）公司成功发挥在纯生方面的技术优势，转换为经济效益增长点。根据珠江啤酒官网描述，酒液采用皮尔森型酵母发酵，高级醇含量低，不上头，口感醇厚，并采用美国西海岸酒花，带有花香和水果香气，香气浓郁，层次丰富，开盖即闻到香气扑鼻而来。2）定位8-10元主流价格带，竞争格局较好。竞品仅有百威旗下的哈尔滨啤酒，但哈尔滨啤酒更偏向于规模产品，并不是百威的核心投入产品。3）增加了一元换购活动，提高消费者复购率。\n??? \n??? 在口味化、差异化趋势下，公司积极布局原浆品类。980ml珠江原浆品宣上突出广府文化IP，980ml定价18元/瓶，相比于1L装青岛原浆则定价68元，性价比优势突出。2025年春节之际，公司开展“珠事顺，福满杯”主题活动，在全国各地商业圈、县域商超、餐饮店等开展主题促销活动，独具广府文化特色的980mL珠江原浆销量同比增长近30%。\n\n??? 风险因素：中高端产品竞争加剧、原材料价格波动、宏观消费环境疲软\n发布时间 2025年07月09日 16时00分00秒\n切片#3：投资建议：97纯生放量，看好原浆发展机遇。市场担忧啤酒行业高端化放缓，但是我们认为，尽管超高端整体承压，但是由于区域市场发展阶段、竞争格局有所差异的背景下，区域酒在8-10元价格带保持了较好的增长。作为“广东粮、珠江水”的品牌代表，珠江啤酒深耕广东市场，2019年珠江97纯生上市后在珠三角地区快速放量，我们看好其长期发展空间，此外公司积极布局原浆品类，储备产品升级的下一个大单品。我们预计公司2025-2027年EPS分别为0.45、0.56、0.67元，对应2025年7月8日收盘价11.10元PE分别为25、20、17倍，和行业估值水平较为接近，但是我们看好公司97纯生放量后带来的成长性，预计25-27年EPSCAGR有望达到22%，对应2025年PEG为1.12，低于行业平均水平，首次覆盖给予买入评级。\n??? \n??? 区别于市场对啤酒高端化放缓的担忧，我们认为要关注到区域市场发展阶段、竞争格局变化的情况。2021年后区域酒表现明显好于龙头酒，2021-2023年珠江啤酒、燕京啤酒、重庆啤酒销量CAGR分别为4.8%、4.3%、3.7，而龙头华润啤酒、青岛啤酒销量CAGR分别为0.4%、0.5%。2024年行业销量整体承压，3-12月全国规模以上啤酒企业产量合计同比-8.42%，区域酒持续好于龙头酒。\n??? \n??? 珠江啤酒位于啤酒销量大省+价格带较高的广东省，客观环境较好。广东省由于湖南、广西等临近省份外来务工人口流入、天气炎热的原因，其啤酒产量位列全国第二。广东省毗邻中国港澳台，进出口贸易发达，其人均收入位列全国第六，经济发展水平和人均可支配收入也使得广东的啤酒市场结构处于全国较高的位置。\n??? \n??? 百威表现疲软，珠江啤酒97纯生放量攫取份额。2020年后，受宏观环境影响，百威在广东省表现疲软，我们预计其在广东省的市占率有所下降。2019年，珠江啤酒推出新品97纯生，销量从2019年的2.79万吨增长至2022年的22.07万吨，CAGR为99%。复盘珠江97纯生成功的原因，我们认为主要系1）公司成功发挥在纯生方面的技术优势，转换为经济效益增长点。根据珠江啤酒官网描述，酒液采用皮尔森型酵母发酵，高级醇含量低，不上头，口感醇厚，并采用美国西海岸酒花，带有花香和水果香气，香气浓郁，层次丰富，开盖即闻到香气扑鼻而来。2）定位8-10元主流价格带，竞争格局较好。竞品仅有百威旗下的哈尔滨啤酒，但哈尔滨啤酒更偏向于规模产品，并不是百威的核心投入产品。3）增加了一元换购活动，提高消费者复购率。\n??? \n??? 在口味化、差异化趋势下，公司积极布局原浆品类。980ml珠江原浆品宣上突出广府文化IP，980ml定价18元/瓶，相比于1L装青岛原浆则定价68元，性价比优势突出。2025年春节之际，公司开展“珠事顺，福满杯”主题活动，在全国各地商业圈、县域商超、餐饮店等开展主题促销活动，独具广府文化特色的980mL珠江原浆销量同比增长近30%。\n\n??? 风险因素：中高端产品竞争加剧、原材料价格波动、宏观消费环境疲软\n 标题 珠江啤酒(002461)2024年报点评：全年实现量价齐升，盈利能力提升显著 \n文档[12]\n 珠江啤酒(002461)2024年报点评：全年实现量价齐升，盈利能力提升显著\n\n发布时间 2025年04月17日 00时00分00秒\n切片#1：事件：公司发布2024年报，全年实现收入57.3亿元，同比+6.6%，实现归母净利润8.1亿元，同比+30%；其中24Q4实现收入8.4亿元，同比+2.1%，实现归母净利润0.04亿元，同比+118.8%。同时，公司拟向全体股东每10股派发现金红利1.70元（含税）。\n\n??? 产品结构升级持续，全年实现量价齐升。量方面，全年公司实现销量144万吨，同比增长2.6%；其中24Q4实现销量25.8万吨，同比+2.1%。得益于公司在省内持续深耕渠道，全年销量表现显著优于行业平均水平（24年全国规上啤酒企业产量同比-0.6%）。产品结构方面，得益于纯生系列产品在省内占比持续提升，全年公司高端产品销量同比增长16%。价方面，以97纯生为代表的高端产品渗透率持续提升，拉动24全年公司吨价同比+4.3%至3828元/吨水平。\n\n??? 成本红利持续释放，盈利能力显著提升。24全年公司毛利率为46.3%，同比+3.5pp；其中24Q4毛利率为59.8%，同比+4pp。毛利率提升主要得益于纯生产品持续放量提升带动整体产品结构升级，以及主要原材料采购成本持续下行，24全年吨成本同比下降2.4%至2103元/吨。费用方面，24全年公司销售费用率为14.9%，同比-0.3pp，主要由于公司持续加强费用投放效率；管理费用率为7.4%，同比基本持平。综合来看，受益于成本端原料价格下降与产品结构升级，2024年公司净利率同比提升2.5pp至14.5%。\n\n??? 未来结构升级空间广阔，长期稳定增长可期。公司在华南拥有良好消费者基础，广东啤酒市场高端化程度位居全国前列，未来产品结构升级空间广阔。产品方面，公司高端化“3+N”品牌战略清晰，持续推进97纯生向普通纯生以及纯生对零度的替代升级，巩固省内8元以上价格带市场份额；同时持续推出高端新品，24年已上市珠江P9，珠江1985等新品。公司以文化产业提质升级促进协同发展，加快文化产业项目建设进度，深化“双主业”品牌融合。展望未来，随着公司纯生系列产品占比提升带动量价齐升持续，公司整体高端化升级态势良好，叠加广东省内啤酒消费需求旺盛，业绩长期稳定增长值得期待。\n\n??? 盈利预测与投资建议：预计2025-2027年EPS分别为0.43元、0.48元、0.54元，对应动态PE分别为23倍、21倍、19倍，维持“买入”评级。\n\n??? 风险提示：现饮场景恢复不及预期风险，高端化竞争加剧风险。\n 标题 珠江啤酒(002461)2024年年报点评：高档酒逆势扩容，公司净利率再创新高 \n文档[13]\n 珠江啤酒(002461)2024年年报点评：高档酒逆势扩容，公司净利率再创新高\n\n发布时间 2025年04月09日 00时00分00秒\n切片#1：事件描述\n??? 公司2024年营业总收入57.31亿元（同比+6.56%）；归母净利润8.1亿元（同比+29.95%），扣非净利润7.62亿元（同比+36.79%），其中2024Q4营业总收入8.44亿元（同比+2.11%）；归母净利润373.51万元，扣非净利润-628.77万元，实现扭亏。\n\n??? 事件评论\n??? 高档酒逆势扩容，公司实现量价齐升。量价拆分来看：2024年公司销量为144万千升，同比+2.62%，吨价同比提升4.31%；2024Q4公司量/价同比+2%/+0.1%。2024年高档酒销量同比增长13.96%，高档/中档/大众化产品收入同比+13.97%/-11.41%/+13.48%，在餐饮消费低迷的情况下，公司凭借出色的产品力实现高档酒逆势增长，带动公司啤酒业务量价提升。分渠道来看，普通/商超/夜场/电商收入同比+6%/+46.71%/-4.72%/+20.51%，夜场受到较大冲击。分区域来看，华南/其他地区收入同比+7.45%/-10.37%，深耕华南区域，公司优势市场进一步夯实。\n\n??? 高端化下公司盈利能力提升，公司净利率再创新高。澳麦恢复，原材料价格同比下降，公司2024年']）、参考数据（[""[[{'营业收入[20250331]': 1226771407.96, '股票简称': '珠江啤酒', '股票代码': '002461.SZ'}], [{'营业收入同比增长率[20250331]': 10.6919, '股票简称': '珠江啤酒', '股票代码': '002461.SZ'}], [{'归母净利润[20250331]': 157027195.15, '股票简称': '珠江啤酒', '股票代码': '002461.SZ'}], [{'股票简称': '珠江啤酒', '股票代码': '002461.SZ', '归母净利润同比增长率[20250331]': 29.827399999999997}], [{'股票简称': '珠江啤酒', '净资产收益率[20250331]': 1.4829999999999999, '股票代码': '002461.SZ'}], [{'股票简称': '珠江啤酒', '总资产净利率[20250331]': 1.0362, '股票代码': '002461.SZ'}], [{'销售净利率[20250331]': 13.164200000000001, '股票简称': '珠江啤酒', '股票代码': '002461.SZ'}], [{'销售毛利率[20250331]': 45.001999999999995, '股票简称': '珠江啤酒', '股票代码': '002461.SZ'}], [{'市盈率[20250722]': 39.713, '股票简称': '珠江啤酒', '股票代码': '002461.SZ'}], [{'市盈率[20250722]': 39.713, '股票简称': '珠江啤酒', '所属同花顺二级行业': '饮料制造', '市盈率行业排名': 24.0, '股票代码': '002461.SZ'}], [{'数量': 45.0}], [{'市净率': 2.339, '股票简称': '珠江啤酒', '股票代码': '002461.SZ'}], [{'市净率': 2.339, '股票简称': '珠江啤酒', '所属同花顺二级行业': '饮料制造', '市净率行业排名': 33.0, '股票代码': '002461.SZ'}], [{'数量': 45.0}], [{'支撑位[20250722]': 10.6, '股票简称': '珠江啤酒', '股票代码': '002461.SZ'}], [{'压力位[20250722]': 12.12, '股票简称': '珠江啤酒', '股票代码': '002461.SZ'}], [{'ma5[20250722]': 11.2, '股票简称': '珠江啤酒', '股票代码': '002461.SZ'}], [{'ma10[20250722]': 11.184, '股票简称': '珠江啤酒', '股票代码': '002461.SZ'}], [{'股票简称': '珠江啤酒', 'ma20[20250722]': 11.197, '股票代码': '002461.SZ'}], [{'股票简称': '珠江啤酒', 'ma60[20250722]': 11.074, '股票代码': '002461.SZ'}], [{'ma120[20250722]': 10.33, '股票简称': '珠江啤酒', '股票代码': '002461.SZ'}], [{'成交量[20250714]': 8664298.0, '成交量[20250716]': 6618827.0, '成交量[20250715]': 9238445.0, '成交量[20250721]': 5519200.0, '成交量[20250710]': 4803951.0, '成交量[20250722]': 7919131.0, '成交量[20250711]': 11756138, '股票简称': '珠江啤酒', '成交量[20250718]': 4500875.0, '成交量[20250717]': 4608237.0, '成交量[20250709]': 7644316.0, '股票代码': '002461.SZ'}], [{'收盘价[20250718]': 11.14, '收盘价[20250717]': 11.19, '收盘价[20250716]': 11.2, '收盘价[20250715]': 11.07, '收盘价[20250714]': 11.18, '收盘价[20250722]': 11.27, '收盘价[20250711]': 11.12, '股票简称': '珠江啤酒', '收盘价[20250721]': 11.2, '收盘价[20250710]': 11.26, '收盘价[20250709]': 11.21, '股票代码': '002461.SZ'}], [{'涨跌幅[20250717]': -0.089286, '涨跌幅[20250718]': -0.446828, '涨跌幅[20250715]': -0.9839, '涨跌幅[20250716]': 1.174345, '涨跌幅[20250709]': 0.990991, '股票简称': '珠江啤酒', '涨跌幅[20250721]': 0.5386, '涨跌幅[20250710]': 0.44603000000000004, '涨跌幅[20250714]': 0.539568, '涨跌幅[20250722]': 0.625, '涨跌幅[20250711]': -1.243339, '股票代码': '002461.SZ'}], [{'振幅[20250722]': 1.6070000000000002, '振幅[20250711]': 3.108348, '振幅[20250721]': 1.256732, '振幅[20250710]': 1.159678, '振幅[20250709]': 1.981981, '股票简称': '珠江啤酒', '振幅[20250718]': 0.9830200000000001, '振幅[20250717]': 1.517857, '振幅[20250716]': 1.8066840000000002, '振幅[20250715]': 3.1305899999999998, '振幅[20250714]': 1.4388480000000001, '股票代码': '002461.SZ'}], [{'主力资金流向[20250721]': 296108.0, '主力资金流向[20250710]': 624930.0, '主力资金流向[20250709]': 2843624.0, '股票简称': '珠江啤酒', '主力资金流向[20250715]': -3740038.0, '主力资金流向[20250716]': 1665502.0, '主力资金流向[20250717]': -837904.0, '主力资金流向[20250718]': -1024409.53, '主力资金流向[20250722]': 891153.0, '主力资金流向[20250711]': -8114524.699999999, '股票代码': '002461.SZ', '主力资金流向[20250714]': 405268.0}], [{'融资余额[20250711]': 133263525, '融资余额[20250721]': 126398620.0, '融资余额[20250710]': 127318263, '融资余额[20250716]': 128078835, '融资余额[20250715]': 131962512, '融资余额[20250714]': 133051834, '股票简称': '珠江啤酒', '融资余额[20250709]': 128249270.0, '融资余额[20250718]': 126726961, '融资余额[20250717]': 126995663, '股票代码': '002461.SZ'}], [{'收盘价[20250722]': 11.27, '股票简称': '珠江啤酒', '股票代码': '002461.SZ'}], [{'股票简称': '珠江啤酒', '平均成本[20250722]': 10.72, '股票代码': '002461.SZ'}]]""]）和分析方法（${个股名称}综合分析），以确保给出的回答既精确又全面。此外，你需根据内容逻辑在合适的位置插入给定的数据配图之一，比如K线图应该插入在技术面分析的结尾部分。本轮问题中涉及到的数据配图有这些（数据配图是标准的html代码，请千万不要改变数据配图的内容，只在合适地方原样输出即可）：['<lxzj-lxkf-aigcchart query=""珠江啤酒近5年营业总收入,近5年营业总收入同比增长率""? quota-info=""营业总收入-bar-元,营业总收入同比增长率-line-%"" graph-type=""base""></lxzj-lxkf-aigcchart>', '<lxzj-lxkf-aigcchart query=""珠江啤酒近5年归母净利润,近5年归母净利润同比增长率""? quota-info=""归母净利润-bar-元,归母净利润同比增长率-line-%"" graph-type=""base""></lxzj-lxkf-aigcchart>', '<lxzj-lxkf-aigcchart query=""珠江啤酒连续10日主力资金流向""? quota-info=""主力资金流向-bar-元"" graph-type=""base""></lxzj-lxkf-aigcchart>', '<lxzj-lxkf-aigcchart query=""珠江啤酒k线图""? quota-info=""k线图"" graph-type=""kline""></lxzj-lxkf-aigcchart>']。请基于上述要求，开始你的分析。
用户问题：珠江啤酒成长能力如何",,,,,,,,
房地产板块怎么看？,"该分析方法仅供参考，实际情况需要根据用户的问句进行具体分析。
|分析方法|
|---|
|A股板块分析主要从以下几个维度展开：
1. **走势表现**
- **逻辑**：追踪板块涨跌幅、技术指标和撑压线的情况，分析走势表现。
- **金融查询**：板块今日、5日、10日、20日涨跌幅；板块指数股价、MA5、MA10、MA20、MACD、KDJ；
2. **板块情绪**
- **逻辑**：通过板块的量能变化、板块内个股表现，以及板块主力资金流向，多维度展示板块的整体情绪。
- **金融查询**：板块板块今日成交额、5日日均成交额；板块今日、5日、10日、20日主力资金流向；板块中今日上涨和下跌家数、涨停和跌停家数；板块中今日涨幅前五的个股
3. **板块消息**
- **逻辑**：分析市场板块消息和行业研报，总结当前板块的行业动态和分析师观点。
- **资讯查询**：板块重要资讯、行业分析、行业研报
通过这些逻辑和数据，可以分走势表现、板块情绪和板块消息三大维度，构建出一个行业指数分析的完整框架，以准确且全面地对A股行业指数进行评价。|","你身为国泰海通证券公司的资深业务专家，现在需要针对用户的问题展开深度分析。在解答过程中，你需要充分利用提供的参考文档（['资讯：\n 标题 杭州两宗住宅用地约18.98亿元成交，余杭区地块溢价率29.65% \n文档[1]\n 2025-07-22 16:06:00:000\n发布时间 杭州两宗住宅用地约18.98亿元成交，余杭区地块溢价率29.65%\n切片#1\n 7月22日，杭州市区2025年第二十批住宅用地正式出让，根据成交结果，两宗地块均溢价成交，共计成交金额约18.98亿元。 此次出让的地块分别位于拱墅区和余杭区，共计出让土地面积约50653平方米，出让建筑面积111657.3平方米，出让起始价约15.23亿元，两宗地块用途均为住宅（设配套公建）用地。 其中，杭政储出[2025]91号即拱墅区石桥单元GS130201-40地块，东至油车港绿化，南至桦枫居，西至地块，北至永华街。地块的出让面积为14157平方米，出让建筑面积为24066.9平方米，出让起始价为34310万元，折合起始楼面价为14256元/平方米。 竞价记录显示，该地块经过6轮竞价后，由杭州西湖房地产集团有限公司以36810万元竞得，成交楼面价为15295元/平方米，溢价率7.29%。 该地块西侧的杭政储出[2025]9号地块于今年2月成交。彼时，经过31轮竞价后，由杭州滨江房产集团股份有限公司以106607万元竞得地块，成交楼面价17347元/平方米，溢价率22.39%。 此次出让的另一宗地块为余杭区良渚东单元YH030304-08地块，地块编号杭政储出[2025]92号。地块东至上祥路，南至油车桥港北侧绿带，西至杭行路东侧绿带，北至通运街。地块的出让面积为36496平方米，出让建筑面积为87590.4平方米，出让价格为118037万元，折合起始楼面价为13476元/平方米。 竞价记录显示，余杭区地块经过35轮竞价后，由杭州滨江房产集团股份有限公司以153037万元竞得，成交楼面价为17472元/平方米，溢价率29.65%。 中指研究院华东大区常务副总高院生指出，杭州本次土拍较15日土拍有所升温，但市场持续分化，局部板块继续降温。比如今日出让的拱墅石桥单元虽容积率仅1.7且地块规模不大，但受近期所在区域市场预期下降影响，房企拿地更加理性，拿地楼面价相比前期滨江地块下降2000元/平米，进一步反映出局部市场转弱，从而影响房企竞价更加谨慎。\n\n 标题 中诚信托引金融活水 助力珠海保障性住房体系建设 \n文档[2]\n 2025-07-22 15:31:09:000\n发布时间 中诚信托引金融活水 助力珠海保障性住房体系建设\n切片#1\n \u3000\u3000中证报中证网讯（王珞）近期，中诚信托设立了“中诚信托-安居1号集合资金信托计划”，与珠海华发集团有限公司（下称“华发集团”）旗下子公司开展合作，用于支持珠海市安居集团有限公司（下称“安居集团”）收购存量商品房用作保障性住房，提高保障性住房收购和运营效率，助力珠海进一步完善“保障+市场”住房供应体系。 \u3000\u3000党的二十届三中全会审议通过的《中共中央关于进一步全面深化改革、推进中国式现代化的决定》提出：“加快建立租购并举的住房制度，加快构建房地产发展新模式。加大保障性住房建设和供给，满足工薪群体刚性住房需求。支持城乡居民多样化改善性住房需求。”随后召开的政治局会议对保障性住房供给作了专门部署，会议提出“坚持消化存量和优化增量相结合，积极支持收购存量商品房用作保障性住房。”此后，存量房收购工作加速，广州、深圳、杭州等多个城市已落地存量商品房收储工作。 \u3000\u3000华发集团以安居集团作为珠海市安居住房投资建设的运营主体，向华发集团旗下子公司珠海华发实业股份有限公司（下称“华发股份”）收购存量商品房用于增加保障性、人才安居和商业租赁住房供给，以满足中低收入家庭、产业人才及新市民的多元化居住需求。 \u3000\u3000在本次合作中，中诚信托发挥信托产品可定制化的优势，通过投资相关标的，为收购存量商品房用作保障性住房提供金融支持。该项目以“金融+保障房”模式盘活存量资产，积极响应国家“加快建立租购并举的住房制度，加快构建房地产发展新模式”的号召，是公司推动房地产市场健康发展、增进民生福祉的典型案例。 \u3000\u3000下一步，中诚信托将继续发挥信托制度优势，持续为保障性住房建设和供给等提供金融支持，助力构建房地产发展新模式，促进房地产高质量发展。\n\n 标题 银河证券：在政策的加持下，地产板块的配置价值凸显 \n文档[3]\n 2025-07-18 08:23:18:000\n发布时间 银河证券：在政策的加持下，地产板块的配置价值凸显\n切片#1\n 人民财讯7月18日电，银河证券指出，受到基数影响，前6月全国商品房累计销售表现为负增长，6月单月同比表现承压。随着7月城市工作会议再次提到地产新模式、城中村改造和危旧房改造，楼市有望逐渐止跌回稳。在政策的加持下，地产板块的配置价值凸显。银河证券认为头部房企展现优秀的运营管理能力具有资金优势，市占率有望进一步抬升。\n\n 标题 王国龙将退任领展集团行政总裁 \n文档[4]\n 2025-07-22 11:30:17:000\n发布时间 王国龙将退任领展集团行政总裁\n切片#1\n 【导读】王国龙将退任领展集团行政总裁 中国基金报记者 郭玟君 7月22日，领展房地产投资信托基金（以下简称领展房托）的管理人――领展资产管理有限公司（以下简称领展）董事会（以下简称董事会）宣布，集团行政总裁王国龙在这家聚焦亚洲的领先房地产投资者及管理公司服务逾16年后，决定退休。 王国龙决定退休 正值领展房托将迎上市20周年 领展房托是亚洲最大的房地产投资信托基金。领展在管理领展房托及其房地产投资组合的同时，亦致力利用其投资管理能力，透过旗下业务――领展房地产投资，为资本伙伴提供可靠的投资管理服务。 王国龙的退休决定，正值领展即将于2025年11月庆祝领展房托上市20周年。自成立以来，领展已从一家单一市场、单一资产类别的营运者，蜕变为亚洲领先的房地产投资者和管理人之一。 领展透露，董事会将展开全面的甄选程序，物色合适继任人，领导集团的下一阶段发展。王国龙将在过渡期间协助集团顺利交接。 领展董事会主席欧敦勤表示：“领展拥有一支稳健且表现卓越的领导团队。我们将坚守既定策略，继续专注于积极管理和优化领展房托的物业组合，同时拓展房地产投资管理平台。在充满挑战的市场环境下，领展展现出强韧的抗逆能力，反映业务基础稳固。随着‘领展房地产投资’业务的推出，我们在投资平台多元化方面亦迈出重要一步，致力为资本合作伙伴提供专业服务。” 董事会主席高度评价王国龙卓越贡献 领展提供的资料显示，王国龙现年63岁，分别于2009年2月及2010年5月起出任领展执行董事及集团行政总裁，同时还是领展的财务及投资委员会成员。他同时任领展根据证券及期货条例所委任的其中一名负责人员以及The Link Holdings Limited、领展物业有限公司、The Link Finance Limited及领展房托若干附属公司的董事。 此外，王国龙还兼任多个社会团体职务，包括盈富基金的监督委员会主席、宾夕法尼亚大学的受托人、城市土地学会的管治受托人、香港大学房地产及建设系客席教授、团结香港基金有限公司之顾问及香港公益金投资小组委员会委员。 欧敦勤表示：“过去16年来，王国龙领导领展不断成长和转型，为基金单位持有人、商户、员工和我们服务的广大小区带来裨益。我谨代表董事会和领展全体员工，衷心感谢他多年来所作出的卓越贡献，并期待在过渡期间继续携手推动集团发展。” 王国龙表示：“能够在领展持续成长和发展的关键阶段担任集团行政总裁，我深感荣幸。近年来，我们积极强化集团的领导架构。我对现有管理层充满信心，并相信已为领展迈向下一阶段的发展建立合适的团队。我将继续与主席、董事会以及管理层紧密合作，进一步巩固领展未来发展的根基，以迎接新篇章。” 领展房托2024/2025财年营业收入同比增长4.8%至142.23亿港元，净物业收入增长5.5%至106.19亿港元。可分配收入同比上升4.6%至70.25亿港元，高于市场预期。 交银国际发布研报表示，维持对领展房托（823 HK）“买入”评级，目标价为47.70港元。 交银国际认为，尽管领展房托每单位资产净值（NAV per unit）同比下降9.6%至63.30港元，但公司派息表现稳健，全年每单位派息（DPU）达2.7234港元，高于市场预期约1%。交银国际分析师认为，非香港市场的零售物业租金增长可抵消香港本地的轻微租金压力，整体租金水平有望在2026财年保持稳定，同时降息及房地产信托纳入港股通将构成中长期股价催化剂。 编辑：江右 校对：王h 制作：舰长 审核：陈墨\n\n 标题 中国房协举办房地产债务重组重整培训班 \n文档[5]\n 2025-07-22 11:03:48:000\n发布时间 中国房协举办房地产债务重组重整培训班\n切片#1\n 据中国房地产业协会消息，2025年7月16-18日，中国房地产业协会在江苏省南通市组织举办房地产债务重组重整培训班。此次培训由中国房协法律工作委员会和金融分会承办，南通市房地产业协会协办，得到了江苏、浙江、上海等地房协支持。170余名来自地方住建部门、房地产开发企业、商业银行、资产管理公司、律所、行业协会等机构人员参加培训。后续中国房协将围绕资产盘活、债务化解主题，持续开展研讨交流和培训活动，相关成果也将整理形成报告送有关部门，努力为行业争取更优的政策环境。为推动房地产“止跌回稳”和健康发展发挥协会作用。\n\n 标题 中泰证券：现房销售政策将深远影响房地产行业 \n文档[6]\n 中泰证券：现房销售政策将深远影响房地产行业\n\n发布时间 2025-07-22 07:53:34切片#1\n 中泰证券的研究报告指出，现房销售政策的实施将对房地产行业的发展和房企的经营模式产生深远的影响。为了评估这一政策的长期效果，我们需要密切关注地方政府的执行情况以及相关配套支持政策的出台。报告建议关注那些在一二线城市有布局、基本面稳健且安全边际较高的房企，这些因素将为投资者提供更好的中长期配置机会。此外\n\n 标题 赚钱的房企，还剩三成 \n文档[7]\n 赚钱的房企，还剩三成\n\n发布时间 2025-07-18 17:47:40切片#1\n （原标题：赚钱的房企，还剩三成） 文/乐居财经 李兰&nbsp;&nbsp;在市场持续调整背景下，房企正经历严峻考验。&nbsp;据Wind数据，截至7月17日，A股已有67家房企发布2025年上半年业绩预告，其中47家陷入亏损，占比达70%，仅20家房企盈利，占比三成，行业整体承压态势明显。&nb\n\n 标题 “因城施策”成效明显 房地产朝止跌回稳方向迈进 \n文档[8]\n “因城施策”成效明显 房地产朝止跌回稳方向迈进\n\n发布时间 2025-07-16 01:28:34切片#1\n “因城施策”成效明显 房地产朝止跌回稳方向迈进 2025-07-16 00:15&nbsp;&nbsp;来源：证券日报\u2002 \u2002\u2002\u2002\u2002本报记者 孟珂 \u2002\u2002\u2002\u20027月15日，国家统计局发布数据显示，2025年6月份，70个大中城市中，各线城市商品住宅销售价格环比下降，同比降幅整体继续收窄。 \u2002\u2002\u2002\u2002国家统计\n\n 标题 国家统计局：上半年全国新建商品房销售额约4.4万亿元，待售面积连续四个月减少 \n文档[9]\n 国家统计局：上半年全国新建商品房销售额约4.4万亿元，待售面积连续四个月减少\n\n发布时间 2025-07-15 19:41:41切片#1\n 7月15日，国家统计局发布2025年上半年全国房地产市场基本情况。数据显示，房地产开发投资等多项指标仍处筑底阶段，但市场交易量、价格及房地产市场资金来源等方面均有所改善，去库存也取得了积极成效，全国商品房待售面积已连续四个月减少。国家统计局数据显示，1―6月份，全国房地产开发投资46658亿元，同比\n\n 标题 统计局谈楼市：市场筑底转型，上海行情复苏，中央部署新路径 \n文档[10]\n 统计局谈楼市：市场筑底转型，上海行情复苏，中央部署新路径\n\n发布时间 2025-07-15 16:21:49切片#1\n 国家统计局副局长盛来运在7月15日的国新办新闻发布会上指出，当前房地产销售面积和销售金额均有所下降，市场筑底和转型阶段相关指标的波动是正常现象。为促进市场止跌回稳，需加大推动力度。据国家统计局数据，上半年全国新建商品房销售面积同比下降3.5%，但降幅较去年同期和全年均有所收窄。商品房销售金额下降5.\n研报：\n 标题 房地产行业2025年Q2土地市场总结：土地市场温和复苏，市场回归理性 \n文档[11]\n 房地产行业2025年Q2土地市场总结：土地市场温和复苏，市场回归理性\n\n发布时间 2025年07月13日 16时00分00秒\n切片#1：2025Q2全国土地供应及成交情况\n??? 土地推出建面方面，2025年Q2全国供给土地规划建面6.52亿方，同比增速为-7.02%。土地出让金方面，2025年Q2全国实现土地出让金0.63万亿，同比增速为11.56%。\n\n??? 从溢价率数据来看，2025年Q2土地出让平均溢价率5.83%，相比2024年Q2上升3.01个百分点。从城市能级来看，2025年Q2一线、二线、三四线城市土地出让溢价率平均值分别为5.38%、8.20%、3.20%。从单月数据来看，2025年6月全国、一线、二线、三四线溢价率分别为4.91%、4.62%、6.45%、2.75%。\n\n??? 流拍率方面，2025年Q2平均流拍率为10.20%，2024年Q2流拍率为16.92%，同比下降6.71个百分点。2025年Q2，4-6月流拍率分别为12.11%、14.37%、3.58%。\n\n??? 高总价及高溢价率地块的城市分析\n??? 2025年Q2高总价地块数共有3宗，主要分布在一线城市和重点二线城市。从城市分布来看，2025年Q2总价超过50亿元的地块北京有2块、杭州有1块。\n\n??? 从高溢价率城市数量来看，2025年4月，全口径土地溢价率超过20%的城市数目为11城（5月、6月分别为14、9城）；溢价率超过30%的城市数目为7城（5月、6月分别为9、8城）。\n\n??? 住宅口径土地溢价率方面，2025年4月，土地溢价率超过20%的城市数目为11城（5月、6月分别为16、10城）；溢价率超过30%的城市数目为6城（5月、6月分别为8、5城）。从绝对数值来看，浙江、江苏和广东的累计土地出让金排名全国前三。\n\n??? 投资建议：2025年Q2土地市场温和复苏：推出建面和成交建面同比下降，土地出让金由于去年基期数据较低，同比小幅增长。由于一二线城市溢价率大幅下降，5、6月全国溢价率也回到5%以内。流拍率同比也下降。土地市场供需双方都在回归理性。三四线城市相较一二线城市依旧表现低迷。投资方面，当前房地产销售市场与土地市场都处于复苏期，政策环境持续发力，也为近年来最宽松的时候，预计板块的估值会随着政策呵护持续修复，建议关注业绩稳健且安全度较高的龙头房企保利发展、华发股份、招商蛇口、滨江集团等。相关受益标的建议关注越秀地产、绿城中国、中国海外发展、华润置地等；物业板块推荐华润万象生活、中海物业、保利物业、招商积余、绿城服务等。\n\n??? 风险提示：销售不及预期，房地产政策放松力度不及预期，研究报告中使用的公开资料可能存在信息滞后或更新不及时的风险，第三方数据失真风险。\n 标题 房地产行业周报：周度高频数据持续改善，政策红利助力行业企稳 \n文档[12]\n 房地产行业周报：周度高频数据持续改善，政策红利助力行业企稳\n\n发布时间 2025年03月07日 00时00分00秒\n切片#1：一周行情回顾\n??? 本周，申万房地产指数下跌1.58%，沪深300指数上涨1%，相对收益为-2.58%，板块表现弱于大盘。\n\n??? 行业基本面\n??? 本周(2.14-2.20)，中泰地产组跟踪的38个重点城市一手房合计成交20702套，同比增速109.7%，环比增速24.6%；合计成交面积222.1万平方米，同比增速149.3%，环比增速27.4%。\n\n??? 本周(2.14-2.20)，中泰地产组跟踪的16个重点城市二手房合计成交17619套，同比增速217.7%，环比增速12.8%；合计成交面积171.4万平方米，同比增速227.4%，环比增速0.3%。本周（2.14-2.20），中泰地产组跟踪的17个重点城市商品房库存面积18824.3万平方米，环比增速0.5%，去化周期131.3周。\n\n??? 本周（2.10-2.16），土地供给方面，本周供应土地1526.9万平方米，同比增速58%；供应均价963元/平方米，同比增速-20.3%。土地成交方面，本周成交土地2304.5万平方米，同比增速24.5%；土地成交金额309.4亿元，同比增速84.7%。本周土地成交楼面价1343元/平方米，溢价率4.9%。\n\n??? 本周（2.14-2.20）房地产企业合计发行信用债73.9亿元，同比增速123.9%，环比增速-25.7%。\n\n??? 投资建议：\n??? 本周作为节后第二周，行业基本面数据呈现显著回暖，一手房、二手房成交同比增速均超100%，环比也有双位数的增长，土地市场活跃度提升，叠加中央及地方政策持续释放利好，行业短期修复动能强劲。稳健的房企仍然是投资重点，建议关注财务稳健、业绩表现良好的龙头房企，如越秀地产、华发股份、保利发展、招商蛇口、绿城中国等，在当前政策环境下能够有效应对市场波动；同时随着市场需求的回升，物业管理公司也有望迎来业绩和估值的修复，建议关注华润万象生活、中海物业、招商积余、保利物业、万物云和绿城服务等。\n\n??? 风险提示：销售不及预期，研究报告中使用的公开资料可能存在信息滞后或更新不及时的风险。']）、参考数据（[""[[{'涨跌幅[20250716-20250722]': 1.275637, '指数简称': '房地产', '指数代码': '881153.TI'}, {'指数简称': '房地产', '指数代码': '801180.SL'}, {'指数简称': '房地产', '指数代码': '931775.CSI'}], [{'指数简称': '房地产', '指数代码': '801180.SL'}, {'指数简称': '房地产', '指数代码': '931775.CSI'}, {'指数简称': '房地产', '涨跌幅[20250709-20250722]': 3.225788, '指数代码': '881153.TI'}], [{'指数简称': '房地产', '涨跌幅[20250625-20250722]': 8.576711, '指数代码': '881153.TI'}, {'指数简称': '房地产', '指数代码': '931775.CSI'}, {'指数简称': '房地产', '指数代码': '801180.SL'}], [{'收盘价[20250722]': 2866.7888, '指数简称': '房地产', '指数代码': '931775.CSI'}, {'收盘价[20250722]': 1660.329, '指数简称': '房地产', '指数代码': '881153.TI'}, {'指数简称': '房地产', '指数代码': '801180.SL'}], [{'ma5[20250722]': 1641.956, '指数简称': '房地产', '指数代码': '881153.TI'}, {'ma5[20250722]': 1641.956, '指数简称': '房地产', '指数代码': '801180.SL'}, {'ma5[20250722]': 1641.956, '指数简称': '房地产', '指数代码': '931775.CSI'}], [{'ma10[20250722]': 1645.48, '指数简称': '房地产', '指数代码': '881153.TI'}, {'ma10[20250722]': 1645.48, '指数简称': '房地产', '指数代码': '801180.SL'}, {'ma10[20250722]': 1645.48, '指数简称': '房地产', '指数代码': '931775.CSI'}], [{'指数简称': '房地产', 'ma20[20250722]': 1605.03, '指数代码': '881153.TI'}, {'指数简称': '房地产', 'ma20[20250722]': 1605.03, '指数代码': '801180.SL'}, {'指数简称': '房地产', 'ma20[20250722]': 1605.03, '指数代码': '931775.CSI'}], [{'指数简称': '房地产', 'macd[20250722]': 4.92, '指数代码': '881153.TI'}, {'指数简称': '房地产', 'macd[20250722]': 4.92, '指数代码': '801180.SL'}, {'指数简称': '房地产', 'macd[20250722]': 4.92, '指数代码': '931775.CSI'}], [{'指数简称': '房地产', 'kdj[20250722]': 53.25, '指数代码': '881153.TI'}, {'指数简称': '房地产', 'kdj[20250722]': 53.25, '指数代码': '801180.SL'}, {'指数简称': '房地产', 'kdj[20250722]': 53.25, '指数代码': '931775.CSI'}], [{'指数简称': '房地产', '成交额[20250722]': 19401166000.0, '指数代码': '931775.CSI'}, {'指数简称': '房地产', '成交额[20250722]': 17898708000.0, '指数代码': '881153.TI'}, {'指数简称': '房地产', '指数代码': '801180.SL'}], [{'成交额平均值[20250716-20250722]': 19401166000.0, '指数简称': '房地产', '指数代码': '931775.CSI'}, {'成交额平均值[20250716-20250722]': 15664088000.0, '指数简称': '房地产', '指数代码': '881153.TI'}], [{'主力净买入额[20250716-20250722]': -1759260470.0, '指数简称': '房地产', '指数代码': '881153.TI'}], [{'主力净买入额[20250709-20250722]': -4402811390.0, '指数简称': '房地产', '指数代码': '881153.TI'}], [{'指数简称': '房地产', '指数代码': '881153.TI', '主力净买入额[20250625-20250722]': -4067831850.0}], [{'下跌家数[20250722]': 22.0, '上涨家数[20250722]': 60.0, '指数简称': '房地产', '指数代码': '881153.TI'}, {'指数简称': '房地产', '指数代码': '801180.SL'}, {'指数简称': '房地产', '指数代码': '931775.CSI'}], [{'指数简称': '房地产', '涨停家数[20250722]': 2.0, '跌停家数[20250722]': 0.0, '指数代码': '881153.TI'}, {'指数简称': '房地产', '指数代码': '801180.SL'}, {'指数简称': '房地产', '指数代码': '931775.CSI'}], [{'所属概念': ['盐湖提锂', '石墨烯', '锂电池概念', '国企改革', '上海国企改革', '西部大开发', '融资融券', '沪股通', '房地产', '住宅开发'], '股票简称': '西藏城投', '涨跌幅[20250722]': 10.044843, '股票代码': '600773.SH'}, {'所属概念': ['租售同权', 'ST板块', '特色小镇', '物业管理', '雄安新区', 'PPP概念', '国企改革', '央企国企改革', '房地产', '商业地产'], '股票简称': '*ST南置', '涨跌幅[20250722]': 4.8583, '股票代码': '002305.SZ'}, {'所属概念': ['物业管理', '雄安新区', '国企改革', '证金持股', '养老概念', '京津冀一体化', '融资融券', '沪股通', '房地产', '住宅开发'], '股票简称': '首开股份', '涨跌幅[20250722]': 3.546099, '股票代码': '600376.SH'}, {'所属概念': ['天津自贸区', '物业管理', '参股券商', '2025中报预增', '国企改革', '京津冀一体化', '大飞机', '雄安新区', '融资融券', '房地产', '住宅开发'], '股票简称': '天保基建', '涨跌幅[20250722]': 2.974828, '股票代码': '000965.SZ'}, {'所属概念': ['新型城镇化', '国企改革', '证金持股', '粤港澳大湾区', '央企国企改革', '深股通', '融资融券', '房地产', '商业地产'], '股票简称': '大悦城', '涨跌幅[20250722]': 2.657807, '股票代码': '000031.SZ'}]]""]）和分析方法（${题材板块}分析），以确保给出的回答既精确又全面。此外，你需根据内容逻辑在合适的位置插入给定的数据配图之一，比如K线图应该插入在技术面分析的结尾部分。本轮问题中涉及到的数据配图有这些（数据配图是标准的html代码，请千万不要改变数据配图的内容，只在合适地方原样输出即可）：['<lxzj-lxkf-aigcchart query=""房地产连续20日主力资金流向""? quota-info=""主力资金流向-bar-元"" graph-type=""base""></lxzj-lxkf-aigcchart>', '<lxzj-lxkf-aigcchart query=""房地产k线图""? quota-info=""k线图"" graph-type=""kline""></lxzj-lxkf-aigcchart>']。请基于上述要求，开始你的分析。
用户问题：房地产板块怎么看？",,,,,,,,
天力复合资金净流入情况,该分析方法仅供参考， 实际情况需要根据用户的问句进行具体分析。 | 分析方法 | | -- - | | ###分析思路 主力资金流向分析主要从以下几个维度进行： 1. ** 主力资金买入金额分析 ** - ** 逻辑 ** ：评估在一定时期内， 主力资金买入股票的总金额， 反映主力投资者对股票的看好程度和市场信心。 - ** 金融查询 ** ：连续5日主力资金买入金额。 2. ** 主力资金卖出金额分析 ** - ** 逻辑 ** ：评估在一定时期内， 主力资金卖出股票的总金额， 反映主力投资者对股票的看空程度和市场撤离情况。 - ** 金融查询 ** ：连续5日主力资金卖出金额。 3. ** 主力资金净流入金额分析 ** - ** 逻辑 ** ：衡量在一定时期内， 主力资金流入与流出的净额， 反映主力资金对股票市场的总体态度。 - ** 金融查询 ** ：连续5日主力资金流向。### 补充要求 - ** 时间跨度 ** ：获取连续5日的数据， 观察主力资金流向的变化趋势。 - ** 趋势分析 ** ：评估主力资金流向的趋势， 识别市场对股票的总体态度和可能的转折点。 通过这些逻辑和数据， 可以构建一个全面的主力资金流向分析框架， 深入理解市场主力资金的动态和股票市场的潜在走势。,"你身为国泰海通证券公司的资深业务专家，现在需要针对用户的问题展开深度分析。在解答过程中，你需要充分利用提供的参考文档（[]）、参考数据（[""[[{'主力买入额[20250722]': 2278573.6, '股票简称': '天力复合', '股票代码': '873576.BJ'}], [{'股票简称': '天力复合', '主力卖出额[20250722]': 4607765.4, '股票代码': '873576.BJ'}], [{'股票简称': '天力复合', '主力资金流向[20250722]': -2329191.8000000003, '股票代码': '873576.BJ'}]]""]）和分析方法（${个股名称}主力资金流向分析），以确保给出的回答既精确又全面。此外，你需根据内容逻辑在合适的位置插入给定的数据配图之一，比如K线图应该插入在技术面分析的结尾部分。本轮问题中涉及到的数据配图有这些（数据配图是标准的html代码，请千万不要改变数据配图的内容，只在合适地方原样输出即可）：['<lxzj-lxkf-aigcchart query=""天力复合连续5日主力资金买入金额""? quota-info=""主力买入额-bar-元"" graph-type=""base""></lxzj-lxkf-aigcchart>', '<lxzj-lxkf-aigcchart query=""天力复合连续5日主力资金卖出金额""? quota-info=""主力卖出额-bar-元"" graph-type=""base""></lxzj-lxkf-aigcchart>', '<lxzj-lxkf-aigcchart query=""天力复合连续5日主力资金流向""? quota-info=""主力资金流向-bar-元"" graph-type=""base""></lxzj-lxkf-aigcchart>', '<lxzj-lxkf-aigcchart query=""天力复合k线图""? quota-info=""k线图"" graph-type=""kline""></lxzj-lxkf-aigcchart>']。请基于上述要求，开始你的分析。
用户问题：天力复合资金净流入情况",,,,,,,,
创新药板块机会如何,"该分析方法仅供参考，实际情况需要根据用户的问句进行具体分析。
|分析方法|
|---|
|A股板块分析主要从以下几个维度展开：
1. **走势表现**
- **逻辑**：追踪板块涨跌幅、技术指标和撑压线的情况，分析走势表现。
- **金融查询**：板块今日、5日、10日、20日涨跌幅；板块指数股价、MA5、MA10、MA20、MACD、KDJ；
2. **板块情绪**
- **逻辑**：通过板块的量能变化、板块内个股表现，以及板块主力资金流向，多维度展示板块的整体情绪。
- **金融查询**：板块板块今日成交额、5日日均成交额；板块今日、5日、10日、20日主力资金流向；板块中今日上涨和下跌家数、涨停和跌停家数；板块中今日涨幅前五的个股
3. **板块消息**
- **逻辑**：分析市场板块消息和行业研报，总结当前板块的行业动态和分析师观点。
- **资讯查询**：板块重要资讯、行业分析、行业研报
通过这些逻辑和数据，可以分走势表现、板块情绪和板块消息三大维度，构建出一个行业指数分析的完整框架，以准确且全面地对A股行业指数进行评价。|","你身为国泰海通证券公司的资深业务专家，现在需要针对用户的问题展开深度分析。在解答过程中，你需要充分利用提供的参考文档（['资讯：\n 标题 规模及流动性均为同类领先，创新药ETF热度持续领跑 \n文档[1]\n 2025-07-22 15:30:01:000\n发布时间 规模及流动性均为同类领先，创新药ETF热度持续领跑\n切片#1\n 相关产品： 港股创新药ETF 159567 创新药ETF 159992 Wind数据显示，截至2025年7月17日，创新药ETF（159992）规模达到100.37亿元，年初以来日均成交额高达4.17亿元，规模及流动性均居于同类型首位。 （数据来源：Wind，年初以来统计区间为2025.1.1-2025.7.17，同类型基金是指跟踪CS创新药指数的产品，共7只） 创新药的亮眼表现，背后是支持创新药发展的重磅政策落地，以及行业基本面的持续改善。政策与产业共振下，普通投资者如何把握创新药机遇？ 创新药新政亮点频出 近期，国家医保局、国家卫生健康委联合印发《支持创新药高质量发展的若干措施》，提出16条措施，加强对创新药的全链条支持。 亮点1，研发支持：构建全链条创新生态。 新政为打通创新药研发端堵点，推出一系列政策组合拳，医保数据开放与资本供给双管齐下，有望降低创新药企研发试错成本与融资压力。 支持创新药研发的多维举措 资料参考：中信建投《全链条支持创新药高质量发展，提高多元支付能力》，2025.7.3 亮点2，准入优化：双目录驱动市场放量。 新政提出建立医保目录动态调整与商保创新药目录双轨制。双目录并行有望突破医保总量限制，打开价格天花板，提升高临床价值创新药溢价空间。 一方面，医保目录立足“保基本”，优化续约规则，对销售超出预期或新增适应症的品种，通过谈判调整支付标准时降幅不高于简易续约规定，稳定企业预期。 另一方面，首创商保创新药目录，纳入临床价值显著但超出医保保障范围的高价值药品，协商确定结算价，探索更严格的价格保密机制。 亮点3，临床应用：破除终端使用壁垒。 全面优化市场准入流程，一系列举措彻底打通进院堵点，提升支付灵活性，临床放量周期有望进一步缩短，创新药终端渗透率有望进一步提升。 提升创新药临床放量的具体措施 资料参考：中信建投《全链条支持创新药高质量发展，提高多元支付能力》，2025.7.3 亮点4，支付扩容：多层次保障体系成型。 国务院明确到2030年建成以基本医疗保险为主体，医疗救助为托底，补充医疗保险、商业健康保险等共同发展的医疗保障制度体系。 （资料参考：中信建投《全链条支持创新药高质量发展，提高多元支付能力》，2025.7.3） 创新药市场空间有望进一步提升 除了政策利好，创新药产业端也释放出积极信号。 从供给端看，2024年，A股医药生物上市公司的研发投入总额超1200亿元。得益于药企研发力度持续加大，国产创新药获批上市的数量显著提升。新政有望进一步提高创新药的回报和可及性，减少研发资源错配，预计将使创新药研发效率大幅提升。 （资料参考：证券日报《国产创新药破茧成蝶 迎来价值重估》，2025.6.14；中国基金报《市场沸腾了！“王炸”政策出台，重磅解读来了！》，2025.7.2） 从需求端看，国家医保局近期公布了调整方案，首版商保创新药目录有望在今年落地；同时，医保基金继续加大对于创新药的支付力度，纳入医保的创新药产品的国内市场销售峰值或也将随之提升。 （资料参考：爱建证券《商保目录将于年内落地，创新药产业出海获得政策支持》，2025.7.8） 有机构研究表示，中国创新药市场产业逻辑向上，叠加政策支持和出海突破，行业前景广阔，预计中国创新药市场规模或将由2024年的近5500亿元，增长至2030年的突破20000亿元，年复合增长率或将高达24.1%。 （资料参考：21世纪经济报道《创新崛起：中国药企“出海”如何助力全球医药发展？》，2025.6.30；国海证券《利好来了！创新药全线爆发》，2025.7.2） 前瞻后市，创新药或将是未来确定性较高的关注主线。 风险提示：基金有风险，投资需谨慎。以上个股仅作示例，不构成投资建议。本基金属于中高风险等级（R4）产品。在代销机构认购时，应以代销机构的风险评级规则为准。\n\n 标题 规模及流动性均为同类领先 创新药ETF（159992）热度持续领跑 \n文档[2]\n 2025-07-22 14:37:00:000\n发布时间 规模及流动性均为同类领先 创新药ETF（159992）热度持续领跑\n切片#1\n 中证网讯 Wind数据显示，截至2025年7月17日，创新药ETF（159992）规模达到100.37亿元，今年以来日均成交额高达4.17亿元，规模及流动性均居于同类型首位。 创新药的亮眼表现，背后是支持创新药发展的重磅政策落地，以及行业基本面的持续改善。 分析人士认为，从供给端看，2024年，A股医药生物上市公司的研发投入总额超1200亿元。得益于药企研发力度持续加大，国产创新药获批上市的数量显著提升。新政有望进一步提高创新药的回报和可及性，减少研发资源错配，预计将使创新药研发效率大幅提升。 从需求端看，国家医保局近期公布了调整方案，首版商保创新药目录有望在今年落地；同时，医保基金继续加大对于创新药的支付力度，纳入医保的创新药产品的国内市场销售峰值或也将随之提升。 有机构研究表示，中国创新药市场产业逻辑向上，叠加政策支持和出海突破，行业前景广阔，预计中国创新药市场规模或将由2024年的近5500亿元，增长至2030年的突破20000亿元，年复合增长率或将高达24.1%。 前瞻后市，创新药或将是未来确定性较高的关注主线。看好创新药赛道的投资者，可以通过关注港股创新药ETF（159567）及其联接基金（A类：023929，C类：023930），或创新药ETF（159992）及其联接基金（A类：012781；C类：012782）等方式，分享创新药产业成长带来的红利。（张凌之）\n\n 标题 红利周度速递 2025年7月14日-2025年7月18日 \n文档[3]\n 2025-07-22 14:39:44:000\n发布时间 红利周度速递 2025年7月14日-2025年7月18日\n切片#1\n 相关产品： 红利ETF易方达 515180 恒生红利低波ETF 159545 红利低波动ETF 563020 红利价值ETF 563700\n\n 标题 红利凶猛，5年规模增近10倍！港股红利ETF基金(513820)连续3日吸金！港股建材暴涨后回调，雅江概念怎么看？ \n文档[4]\n 2025-07-22 11:37:31:000\n发布时间 红利凶猛，5年规模增近10倍！港股红利ETF基金(513820)连续3日吸金！港股建材暴涨后回调，雅江概念怎么看？\n切片#1\n 7月22日，A股、港股走势分化，港股建材板块龙抬头昨日涨幅普超10%，今日早盘小幅回落，聚焦港股交运建材、石化金融等板块的港股红利ETF基金（513820）早盘亦小幅回调，成交额环比放量。资金已连续3日借港股红利ETF基金（513820）涌入港股红利板块，累计净流入超2900万元！ 港股红利ETF基金（513820）标的指数成分股涨跌不一，内资行集体回调，仅汇丰控股涨超1%，三大运营商涨跌不一，三桶油集体回调，煤炭、交投运输板块集体上行。 【港股红利ETF基金（513820）标的指数前十大】 截至11:04，成分股仅做展示使用，不构成投资建议。 7月19日，雅鲁藏布江下游水电工程正式开工，总投资约1.2万亿元，主要采取截弯取直、隧洞引水的开发方式，建设5座梯级电站。雅鲁藏布江下游水电工程堪称能源领域的“超级航母”，规模相当于数个三峡工程。建成后每年将产出近3000亿度零碳电力，满足约3亿家庭用电需求。 雅鲁藏布江下游水电项目从结构上来看，基础工程、水泥、民爆受益弹性较大。基建方面，建筑央国企作为水电工程勘察设计和施工主体率先受益，中国交投建设昨日跳空高开，放量涨3.54%。水泥方面，摩根士丹利发表研究报告指出，预计项目总水泥需求量达2000万至3000万吨，年均需求100万至150万吨，中国建材西藏产能将受惠。中国建材昨日爆量上涨12.61%！ 【南向资金：持续青睐银行等高股息板块】 南向资金方面，截至7月21日，南向资金近1个月净买入前三活跃个股依旧以科技+红利为主，其中港股红利ETF基金（513820）标的指数成份股建设银行位居榜首。 数据截至0721 拉长时间来看，港股通对银行等红利板块增持力度大。截至7月21日，港股通持有银行市值达10142万亿元，较年初增长了52%。 数据截至0721 【ETF资金：红利类ETF规模稳定增长】 近年来，红利类ETF规模持续保持稳定增长。去年9.24以来，尽管A股市场有所回暖，但投资者红利配置需求依然不减。据招商证券统计，红利类ETF的规模从去年9月1日的776亿增长至今年6月1日的1367亿，短短几个月规模增长达到76%，而对比2021年年初，红利ETF规模仅为161亿元，规模增长近10倍。 （来源于招商证券20250715《多维度掘金红利资产，深度捕捉高股息机遇》） 以港股红利类ETF中极具代表的港股红利ETF基金（513820）为例，自2024年上市以来份额持续飙升，年初至今份额变动超10.85亿份，较年初增长76%！近期依旧不改增长势头，港股红利ETF基金（513820）连续3日吸金，累计“吸金”超2900万元！（统计区间7.17-7.21，数据来自Wind） 【险资密集调研，高股息仍有重点关注方向】 今年以来，险资密集调研上市公司，为中长期投资蓄力，其中高股息和科技为重点关注方向。除了调研之外，不少险资也付诸行动，持续加持高股息蓝筹股。以举牌为例，中国保险行业协会网站信息显示，今年以来，险资已举牌20次，被举牌的上市公司大多属于银行、环保、交通运输、公用事业等行业，估值低、股息率高、分红稳定的特征较为明显。 公开资料整理，截至7月21日 对于险资多次举牌高股息标的，中信建投表示，一方面，红利板块可贡献股息收入并有助于在低利率环境下保持净投资收益率相对稳定，还可通过按FVOCI（以公允价值计量且其变动计入其他综合收益的金融资产）模式计量来避免股价波动对利润的冲击，有助于稳定利润表现。另一方面，随着险资对短期市场波动容忍度的提升，险资对估值水平较低、具有长期基本面支撑的非红利板块的配置意愿有望进一步提升。 【多路资金涌入红利资产，港股红利配置价值怎么看？】 1、低利率时代，高股息为王！无风险收益率持续下行背景下，高股息资产性价比凸显。截至6月30日，中证港股通高股息投资指数股息率为7.96%，较十年期国债收益率溢价接近630个基点，高股息资产或成为填补""资产荒""的核心选项。（数据来源：中证指数官网，截至2025/06/30） 2、估值洼地效应仍存！港股恒生指数最新估值仅11.04倍，显著低于A股沪深300指数的13.39倍；同时，中证港股通高股息投资指数估值7.41倍，也较同类型的中证红利指数更具优势。低估值、高股息加持，港股红利ETF基金（513820）标的指数经典“纯正”的高股息策略受到越来越多专业投资人认可。（数据截至2025/07/20） 3、政策红利密集释放！新国九条强化分红约束，险资权益配置向高股息倾斜，长期资金增配叠加分红预期升温，直接激活高股息资产需求，政策催化进入爆发期！ 4、交易机制优势独显！港股通支持T+0回转交易，日内灵活捕捉波动收益，资金效率较T+1机制更明显。日内波段与套利策略双重加持，打造交易型投资者的战术工具箱！ 5、持续分红验证真成色！截至6月末，港股红利ETF基金（513820）已连续12个月实施现金分红，月月真金回报，成为全市场分红次数最多的港股红利类ETF。 低利率背景下，跟随长期资金寻求配置线索，认准同类分红次数最多、纯度更高的港股红利ETF基金（513820），最新规模超30亿元，同指数ETF规模领先！其“100%纯粹”高股息选股策略更能应对复杂多变市场风格，堪称“港股红利经典之选”。基金已连续12个月月度分红（截至2025.6），为分红次数最多的港股红利类ETF！ 港股红利ETF基金支持T+0日内交易，不占用QDII额度，有效避免QDII额度受限导致ETF限购。作为ETF两融标的，交易玩法更多元！场外认准联接基金（A类：501305；C类：501306），成立于2017年，是全市场第一只港股红利指数基金，堪称港股红利届资深元老，投资运营策略成熟稳健！ 风险提示：基金有风险，投资须谨慎。本资料仅为宣传材料，不作为任何法律文件。投资有风险，基金管理人承诺以诚实信用、勤勉尽职的原则管理和运用基金资产，但不保证基金一定盈利，也不保证最低收益。基金的过往业绩并不预示未来表现，基金管理人的其他基金业绩和其投资人员取得的过往业绩并不预示其未来表现。投资人应当仔细阅读《基金合同》、《招募说明书》和《产品资料概要》等法律文件以详细了解产品信息。以上基金属于中等风险等级(R3)产品，适合经客户风险承受等级测评后结果为平衡型(C3)及以上的投资者，客户-产品风险等级匹配规则详见汇添富官网。在代销机构认申购时，应以代销机构的风险评级规则为准。本产品由汇添富基金管理股份有限公司发行与管理，代销机构不承担产品的投资、兑付和风险管理责任。本基金投资范围包括港股，会面临因投资环境、投资标的、市场制度以及交易规则等差异带来的特有风险。本宣传材料所涉任何证券研究报告或评论意见在未经发布机构事前书面许可前提下，不得以任何形式转发。所涉相关研究报告观点或意见仅供参考，不构成任何投资建议或咨询，或任何明示、暗示的保证、承诺，阅读者应自行审慎阅读或参考相关观点意见。\n\n 标题 “含航量”最高的航空航天ETF天弘（159241）涨超1.4%冲击四连涨，机构建议持续加大军工关注度 \n文档[5]\n 2025-07-22 10:31:04:000\n发布时间 “含航量”最高的航空航天ETF天弘（159241）涨超1.4%冲击四连涨，机构建议持续加大军工关注度\n切片#1\n 7月22日早盘，军工板块延续强势，钢研高纳涨超10%，洪都航空、长城军工、中航沈飞等跟涨。相关ETT中，航空航天ETF天弘（159241）持续走高，截至发稿涨1.47%冲击四连涨。 Wind数据显示，截至7月21日，航空航天ETF天弘（159241）最新规模为3.69亿元，最新基金份额为3.19亿份，年内新增份额与新增份额率均位于同标的产品首位。 航空航天ETF天弘（159241）紧密跟踪国证航天指数，按申万一级行业分类，该指数以超98%的国防军工行业权重形成显著特征，是全市场军工含量最高的指数。按申万二级行业分类，国证航天指数“含航量”较高，航空装备与航天装备两大核心板块则占据66%权重，深度聚焦大飞机研制、低空经济、商业航天等新兴领域航空航天装备产业链关键领域。 消息面上，据央视新闻，7月21日，由中国兵器工业集团主办的军贸陆域无人与反无人作战体系主题日活动在内蒙古开幕。无人机、巡飞弹、反无人机装备等众多最新装备亮相。 兴业证券指出，虽然近期市场经历了一轮主线的聚焦，但多数板块拥挤度仍处于合理位置。更重要的是，仍有一些共识正在凝聚的主线，拥挤度尚未来到较高水平，包括资源品（有色、化工、石化）、军工、AI中下游等。经历7月以来的情绪消化之后，当前军工板块拥挤度已回落至中等水平，是成长板块中位置合适、值得配置的细分领域，在7-8月的高胜率窗口下有望继续反映“五年计划”、全球军贸市场打开长逻辑。 浙商证券认为，2025年地缘政治冲突不断，我国军贸出口装备在海外冲突中得到实战检验，在军贸领域引领下，我国国防军工企业价值有望得到重估。 申万宏源证券也指出，军贸供需强烈共振，不断打开行业新格局，且预期催化不断，有望获得新进展；我们判断军工行情持续上行，建议持续加大军工关注度。 （本文机构观点来自持牌证券机构，不构成任何投资建议，亦不代表平台观点，请投资人独立判断和决策。）\n\n 标题 创新药板块再度活跃，诚达药业涨14%，赛升药业涨9% \n文档[6]\n 创新药板块再度活跃，诚达药业涨14%，赛升药业涨9%\n\n发布时间 2025-07-22 10:26:09切片#1\n 7月22日，创新药板块再度活跃，截至发稿，诚达药业涨14%，赛升药业涨9%，丽珠集团、成都先导、百奥泰等涨8%。据国家医保局网站7月21日消息，为落实《支持创新药高质量发展的若干措施》，推动创新药高质量发展，更好满足人民群众多元化就医用药需求，近期，国家医保局召开医保支持创新药械系列座谈会第一场。2\n\n 标题 创新药政策红利持续释放 投资者加速寻找“潜力股” \n文档[7]\n 创新药政策红利持续释放 投资者加速寻找“潜力股”\n\n发布时间 2025-07-19 09:36:00切片#1\n 近日，创新药板块利好消息不断，带动相关概念股连续上涨。消息面上，7月16日，我国自主研发的抗呼吸道合胞病毒的创新药齐瑞索韦被列入世界卫生组织儿童药物优化优先清单，有望为全球儿童带来可及、可负担的有效治疗。政策面上，7月1日，国家医保局、国家卫生健康委印发《支持创新药高质量发展的若干措施》，其内容主要\n\n 标题 创新药政策利好，市场表现强势，估值具吸引力 \n文档[8]\n 创新药政策利好，市场表现强势，估值具吸引力\n\n发布时间 2025-07-18 09:35:21切片#1\n 创新药近期在政策层面迎来一些变化。首先，商业健康保险创新药目录调整于7月初正式启动，这可能为创新药的支付提供更多可能性。其次，第十一批国家组织药品集采工作于7月15日启动，但创新药未被纳入集采范围。这些消息对创新药概念产生了影响，使其近期表现较为活跃。例如，恒生医药ETF的年内涨幅已超过75%。未来\n\n 标题 受益于政策红利密集释放 创新药行业发展驶入快车道 \n文档[9]\n 受益于政策红利密集释放 创新药行业发展驶入快车道\n\n发布时间 2025-07-16 22:49:00切片#1\n 近期，生物医药板块反复活跃。7月16日，创新药概念股联环药业走出8天6板的行情，力生制药、万邦德、奥赛康出现两连板，此外，广生堂上涨16.56%，我武生物上涨15.90%，浙江震元、润都股份、亚太药业、千红制药、哈三联、丽珠集团均出现“10CM”涨停。本周港股创新药板块同样表现抢眼。根据Wind数据\n\n 标题 政策红包再砸创新药！联环药业8天6板掀热潮，板块嗨了 \n文档[10]\n 政策红包再砸创新药！联环药业8天6板掀热潮，板块嗨了\n\n发布时间 2025-07-16 14:22:56切片#1\n 7月16日，政策红利持续发酵，港A创新药板块掀起一波大涨行情。A股方面，创新药板块迎来涨停潮。截至发稿，联环药业延续强势，8天内斩获6个涨停板；广生堂涨超16%、我武生物涨近15%。此外，润都股份、万邦德、丽珠集团、力生制药、千红制药、亚太药业涨停，奥赛康、贝达药业、华海药业等纷纷跟涨。港股市场中，\n研报：\n 标题 医疗保健行业药品产业链周度系列(八)：风起创新链，中国创新药研发景气度渐趋改善 \n文档[11]\n 医疗保健行业药品产业链周度系列(八)：风起创新链，中国创新药研发景气度渐趋改善\n\n发布时间 2025年07月17日 16时00分00秒\n切片#1：中国生物医药投融资金额有望触底回升\n??? 中国生物医药投融资金额数据显示最差的时候或许已经过去。在《全链条支持创新药发展实施方案》政策支持下，各地区生物医药产业投资基金加快设立，中国生物医药市场环境正不断优化改善，中国生物医药投融资有望触底回升。\n\n??? 中国创新药上市通道变宽，IPO募集资金充沛研发投入\n??? 创新药企业港股IPO热潮重现，未盈利企业科创板上市通道或将打开。创新药港股IPO募集资金大幅增加。随着未盈利企业适用于科创板第五套标准上市重启，A股IPO募集资金或也将成为创新药企业研发投入主要资金来源之一。同时，创新药企业港股IPO热潮、未盈利企业科创板上市通道或将打开，为生物医药投融资提供退出途径，推动生物医药投融资生态走向良性循环。\n\n??? 医药上市公司增发规模在加大，进一步充实账面现金\n??? 医药上市公司增发规模在加大，尤其是港股医药公司。\n\n??? BD首付款：创新药研发投入新资金来源和主要资金来源\n??? 中国创新药闪耀全球，出海扩张加速兑现。对外BD首付款作为新的研发投入资金来源，已经成为主要资金来源，且还有大额潜在里程碑。2025Q2，中国对外BD首付款金额高达17.3亿美元，远超2025Q2中国生物医药投融资金额6.9亿美元。\n\n??? 伴随着二级市场创新药估值重塑、创新药A/H上市募集资金和一级退出通道打通、创新药对外BD涌现为研发投入注入新动力和主要动力等，中国创新药研发投入或进入新一轮景气周期。\n\n??? 风险提示\n??? 1、国内政策转向风险；2、全球政治环境变化风险；3、新产品研发失败风险；4、竞争加剧风险。\n 标题 医药生物行业周报：药明康德中报超预期，创新药产业链上行周期愈加确定 \n文档[12]\n 医药生物行业周报：药明康德中报超预期，创新药产业链上行周期愈加确定\n\n发布时间 2025年07月14日 16时00分00秒\n切片#1：本周（2025.07.07-2025.07.11）申万医药指数涨幅1.82%，沪深300指数涨幅0.82%，跑赢沪深300指数1.00%，在申万31个一级行业指数中排名第16位。截至本周五（2025.07.11）医药生物行业指数PE（TTM，剔除负值）为28.95倍，沪深300指数PE（TTM，剔除负值）为12.62倍，医药生物行业相较于沪深300指数的估值溢价率为129.37%，仍处于历史低位。CDMO业绩触底反弹，龙头业绩超预期。本周有两家CDMO龙头公司发布了中报业绩预告，其中药明康德2025年中报营收增长20.64%，归母扣非净利润同比增长26.47%；博腾股份2025年中报营收增长15%-20%，净利润同比扭亏。相对去年较为低迷的业绩，CDMO今年中报触底反弹，尤其是龙头药明康德业绩超预期更增添了市场信心，海外需求并未受到关税扰动影响。\n??? \n??? 国内投融资环比改善，二级市场回暖将带动一级市场投资信心。从行业情况来看，国内Q2生物医药投融资同比和环比均有持续改善，此外考虑到二季度在A股和港股市场，创新药均有非常靓丽的表现，也在拉动一级市场投资创新药企业的信心，因此我们认为本轮从融资到投资到退出的正循环已经开始悄然拉动，后续有望看到国内投融资的持续改善。\n??? \n??? BD及IPO浪潮叠加下，创新药产业链上行周期愈加确定。今年以来，国内创新药企陆续完成了多个重磅的大额BD,全球多数创新药交易发生在中国，此外港股的靓丽表现也激发很多公司在香港IPO的信心，与此同时国内科创板也开始逐步打开上市渠道，我们认为从投资到回报的正向循环开始拉动，创新产业链上行周期愈加确定，有望复刻18-21年波澜壮阔的产业链行情。\n??? \n??? 投资建议：创新药产业链上行周期逐步带动相关企业投资价值回升，生命科学上游建议关注各细分赛道龙头如奥浦迈、百普塞斯、毕得医药、泰坦科技、阿拉丁；以及前瞻性布局ADC等新兴赛道的公司皓元医药等。CXO板块建议关注有望受益于创新药研发需求恢复的药明康德、凯莱英、康龙化成、博腾股份等。\n??? \n??? 风险提示：国际政治环境恶化、市场竞争加剧、下游需求恢复不及预期等风险。\n 标题 生物医药行业新药周观点：创新药5月进院数据更新，多个新纳入医保创新药快速进院中 \n文档[13]\n 生物医药行业新药周观点：创新药5月进院数据更新，多个新纳入医保创新药快速进院中\n\n发布时间 2025年07月13日 16时00分00秒\n切片#1：本周新药行情回顾：\n??? 2025年7月7日-2025年7月13日，新药板块涨幅前5企业：北海康成（114.5%）、前沿生物（41.4%）、君圣泰（29.4%）、开拓药业（20.7%）、永泰生物（20.1%）；跌幅前5企业：宜明昂科（-19.4%）、神州细胞（-13.4%）、亚盛医药（-10.0%）、乐普生物（-8.9%）、荣昌生物（-8.8%）。\n??? \n??? 本周新药行业重点分析：\n??? 近日国家医保局更新了已纳入医保目录创新药截止2025年5月底的进院数据']）、参考数据（[""[[{'涨跌幅[20250716-20250722]': 6.236244, '指数简称': '创新药', '指数代码': '886015.TI'}], [{'指数简称': '创新药', '涨跌幅[20250709-20250722]': 9.217411, '指数代码': '886015.TI'}], [{'指数简称': '创新药', '涨跌幅[20250625-20250722]': 15.209397, '指数代码': '886015.TI'}], [{'收盘价[20250722]': 1350.541, '指数简称': '创新药', '指数代码': '886015.TI'}], [{'所属概念': ['仿制药一致性评价', '创新药', '冷链物流', '医疗器械概念', '融资融券', '深股通', '医药生物', '医药商业', '医药流通'], 'ma5[20250722]': 2.698, '纳入概念原因[20250722]': ['【创新药】2023年年报，医药研发领域，公司将继续加强建设海王创新药和仿制药研发平台。同时将继续提升自主创新开发能力进行差异化布局，在创新药研发方面将注重小分子化学创新药、生物制剂、改良型创新药、中药及天然药物、海洋药物等领域，开发具有重大临床应用价值的新药。'], '股票简称': '海王生物', '股票代码': '000078.SZ'}, {'所属概念': ['仿制药一致性评价', '创新药', '流感', '减肥药', '猴痘概念', '辅助生殖', '重组蛋白', '宠物经济', '生物疫苗', '基因测序', '高股息精选', '横琴新区', 'DeepSeek概念', '深股通', '融资融券', '医药生物', '化学制药', '化学制剂'], 'ma5[20250722]': 42.192, '纳入概念原因[20250722]': ['【创新药】产品爱普拉唑是我国消化治疗领域第一个也是唯一一个创新药物；第一个全球创新药物重组人源化抗PD-1单抗获国内临床批件，可以用于8种肿瘤的治疗。'], '股票简称': '丽珠集团', '股票代码': '000513.SZ'}, {'所属概念': ['超级品牌', '医药电商', '医美概念', '高股息精选', '创新药', '工业大麻', '证金持股', '参股券商', '华为概念', '同花顺漂亮100', '西部大开发', '深股通', '融资融券', '医药生物', '中药', '中药Ⅲ'], 'ma5[20250722]': 56.208, '纳入概念原因[20250722]': ['【创新药】根据2024年半年报，创新药项目中，公司聚焦创新药研发成果转化，为公司提供持续发展动力。报告期内，用于PET/CT显像诊断可疑前列腺癌患者的INR101诊断核药项目已获得临床批件，并完成Ⅰ期临床试验；INR102项目已启动前体药学和非临床研究。'], '股票简称': '云南白药', '股票代码': '000538.SZ'}, {'所属概念': ['创新药', '仿制药一致性评价', '细胞免疫治疗', '肝炎概念', '流感', '海南自贸区', '民营医院', '猴痘概念', '医美概念', '医疗器械概念', '互联网医疗', '参股银行', '创投', '国企改革', '央企国企改革', '融资融券', '深股通', '医药生物', '化学制药', '化学制剂'], 'ma5[20250722]': 6.62, '纳入概念原因[20250722]': ['【创新药】通过与中国抗体的投资合作，由梁瑞安博士为首的专家团队研发并获得全球PCT专利原创新药SM03，主要用于治疗类风湿关节炎、肿瘤及免疫系统疾病，且为全球原创新药。'], '股票简称': '海南海药', '股票代码': '000566.SZ'}, {'所属概念': ['仿制药一致性评价', '流感', '维生素', '创新药', '辅助生殖', '医药电商', '细胞免疫治疗', '回购增持再贷款概念', '深股通', '医药生物', '化学制药', '化学制剂'], 'ma5[20250722]': 5.726, '纳入概念原因[20250722]': ['【创新药】2023年半年报：公司拥有国家级企业技术中心和创新药物孵化基地，并不断深化与中国科协生命科学学会、中科院等顶级研究机构的战略合作。随着新加入的首席科学官的履职，公司加大在创新药和高技术门槛仿制药方面的力度，以创新为主的新产品研发进入新阶段，在化学创新药和生物创新药包括单抗、双抗、ADC和CAR-T等领域完成了一系列新产品的立项，在中枢神经、肿瘤、自身免疫、代谢和内分泌等疾病领域形成了有竞争力的梯度产品线。'], '股票简称': '东北制药', '股票代码': '000597.SZ'}, {'所属概念': ['医药电商', '流感', '仿制药一致性评价', '肝炎概念', '生物疫苗', '眼科医疗', '创新药', '消毒剂', '高股息精选', '医疗器械概念', '三胎概念', '互联网医疗', '深股通', '融资融券', '医药生物', '中药', '中药Ⅲ'], 'ma5[20250722]': 5.7, '股票简称': '仁和药业', '股票代码': '000650.SZ'}, {'所属概念': ['医药电商', '参股券商', '流感', '乡村振兴', '创新药', '农业种植', '幽门螺杆菌概念', '维生素', '肝炎概念', '电子商务', '高股息精选', '网络直播', '2025中报预增', '回购增持再贷款概念', '三胎概念', '创投', '网红经济', '工业互联网', '深股通', '融资融券', '医药生物', '中药', '中药Ⅲ'], 'ma5[20250722]': 18.38, '纳入概念原因[20250722]': ['【创新药】根据2024年半年报，报告期内，子公司开展化药创新药1类新药研发项目1个，化药仿制药研发项目4个，新药研发项目5个，开展化药一致性评价研究项目7个。'], '股票简称': '吉林敖东', '股票代码': '000623.SZ'}, {'所属概念': ['生物疫苗', '创新药', '阿尔茨海默概念', '辅助生殖', '流感', '医美概念', '分拆上市意愿', '智能医疗', '回购增持再贷款概念', '国企改革', '证金持股', '融资融券', '深股通', '医药生物', '生物制品', '其他生物制品'], 'ma5[20250722]': 101.846, '纳入概念原因[20250722]': ['【创新药】子公司金赛药业为重组生长激素国内基因重组蛋白药物龙头；在新产品研发方面，一类新药PGQ、洋参果冠心片、莽吉柿胶囊等创新药开发临床试验工作按计划稳步推进。'], '股票简称': '长春高新', '股票代码': '000661.SZ'}, {'所属概念': ['仿制药一致性评价', '阿尔茨海默概念', '医药电商', '肝炎概念', '幽门螺杆菌概念', '民营医院', '流感', '创新药', '合成生物', '医疗器械概念', '三胎概念', '互联网医疗', '冷链物流', '共同富裕示范区', '参股银行', '国企改革', '数字经济', '医药生物', '医药商业', '医药流通'], 'ma5[20250722]': 9.974, '纳入概念原因[20250722]': ['【创新药】2025年7月16日互动易：公司研发管线中有一类创新药二类改良型新药的研发计划，主要集中于镇痛等领域。'], '股票简称': '浙江震元', '股票代码': '000705.SZ'}, {'所属概念': ['减肥药', '创新药', '仿制药一致性评价', '流感', 'CRO概念', '合成生物', '医美概念', '养老概念', '共同富裕示范区', '工业互联网', '深股通', '融资融券', '医药生物', '化学制药', '原料药'], 'ma5[20250722]': 15.046, '纳入概念原因[20250722]': ['【创新药】横店集团旗下医药产业上市平台,CMO业务与默克、吉利德、辉瑞等十来家公司形成稳定的合同制备产品业务关系,形成从原料中间体-原料药制剂全产业链,其中原料药出口仅次于石药集团;覆盖抗生素类、抗病毒类、抗肿瘤类、心血管类等疾病领域;首个创新药索法地尔顺利进入临床III期,是迄今为止全球首创的具有双重作用机制的脑神经保护剂.'], '股票简称': '普洛药业', '股票代码': '000739.SZ'}, {'所属概念': ['阿尔茨海默概念', '仿制药一致性评价', '肝炎概念', '流感', '辅助生殖', '创新药', '幽门螺杆菌概念', '维生素', '医药电商', '合成生物', '医美概念', '宠物经济', '国企改革', '阿里巴巴概念', '深股通', '融资融券', '医药生物', '化学制药', '原料药'], 'ma5[20250722]': 17.126, '纳入概念原因[20250722]': ['【创新药】2022年9月16日互动易回复：公司围绕心脑血管类、解热镇痛类、消化系统类、抗代谢类、神经系统等12大方向，包括创新药物和仿制药。至今，研发管线内创新药物有6项，仿制药100多项。'], '股票简称': '新华制药', '股票代码': '000756.SZ'}, {'所属概念': ['阿尔茨海默概念', '创新药', '肝炎概念', '工业大麻', '流感', '民营医院', 'DeepSeek概念', '参股银行', '深股通', '融资融券', '医药生物', '化学制药', '化学制剂'], 'ma5[20250722]': 24.382, '纳入概念原因[20250722]': ['【创新药】公司治疗阿尔茨海默综合症的11类新药即将上市;18年公司收购了拥有处于临床期的阿尔兹海默治疗新药研发公司长春华洋。'], '股票简称': '通化金马', '股票代码': '000766.SZ'}, {'所属概念': ['民营医院', '仿制药一致性评价', '流感', '创新药', '医药电商', '医疗器械概念', '京津冀一体化', '冷链物流', '西部大开发', '股权转让(并购重组)', '医药生物', '化学制药', '化学制剂'], 'ma5[20250722]': 6.732, '纳入概念原因[20250722]': ['【创新药】公司官网：\\u3000北大医药秉承“创新、责任、信任、努力”的核心价值观，以“原料制剂一体化仿创型医药科技企业”为战略定位，围绕“抗感染、镇痛类、精神类”三大核心领域重点发展医药工业，目前拥有药品批文达166个，首仿药批文13个，拥有注射剂、胶囊剂、片剂、颗粒剂、口服液等丰富的生产线。公司已建立起创新药、改良型创新药、仿制药为一体的技术体系，已开展研发项目100余项，承担国家重点火炬计划、十二五重大新药创制、市级科技计划等多项重点项目，为公司新产品、新工艺、一致性评价项目等研究提供有力保障。'], '股票简称': '北大医药', '股票代码': '000788.SZ'}, {'所属概念': ['工业大麻', 'NMN概念', '医美概念', '民营医院', '合成生物', '仿制药一致性评价', '生物疫苗', 'CRO概念', '减肥药', '创新药', '重组蛋白', '养老概念', '西部大开发', '国企改革', '深股通', '融资融券', '医药生物', '化学制药', '化学制剂'], 'ma5[20250722]': 3.498, '纳入概念原因[20250722]': ['【创新药】公司目前在研创新药包括与清华大学合作的BRM靶向药物、用于脑卒中的WYY等项目,公司利拉鲁肽及索玛鲁肽产品m目前在研发过程中。'], '股票简称': '德展健康', '股票代码': '000813.SZ'}, {'所属概念': ['ST板块', '眼科医疗', '消毒剂', '化债概念(AMC概念)', '医美概念', '医疗器械概念', '仿制药一致性评价', '互联网医疗', '流感', '基因测序', '创新药', '医药生物', '化学制药', '化学制剂'], 'ma5[20250722]': 5.844, '纳入概念原因[20250722]': ['【创新药】公司与国内国际十余家创新药公司合作研发及生产的CHD(胃药)、ATI(抗凝药)、APLS(抗癌药)、GKA(抗癌药)、PKLA(抗癌药)、GP(抗癌药)、LFLB(抗癌药)、PLSF(抗癌药)等多个进入临床阶段的创新药CDMO。'], '股票简称': 'ST景峰', '股票代码': '000908.SZ'}, {'所属概念': ['仿制药一致性评价', '创新药', '养老概念', '京津冀一体化', '雄安新区', '创投', '融资融券', '医药生物', '化学制药', '化学制剂'], 'ma5[20250722]': 5.598, '纳入概念原因[20250722]': ['【创新药】旗下产品盐酸苯环壬酯片（飞赛乐）为国家一类新药，是当前全球“晕动症”领域的先进药物。'], '股票简称': '中关村', '股票代码': '000931.SZ'}, {'所属概念': ['啤酒概念', '医药电商', '医美概念', '电子商务', '辅助生殖', '冷链物流', '减肥药', '医疗器械概念', '创新药', '国企改革', '回购增持再贷款概念', '西部大开发', '养老概念', '统一大市场', '互联网医疗', '创投', '股权转让(并购重组)', '央企国企改革', '智能物流', '融资融券', '深股通', '医药生物', '医药商业', '医药流通'], 'ma5[20250722]': 5.252, '纳入概念原因[20250722]': ['【创新药】2025年6月13日互动易：目前公司有经营创新药品的销售，并按十四五战略规划中的“三化”战略之一产品全面化规划指导，持续强化丰富经营产品。'], '股票简称': '重药控股', '股票代码': '000950.SZ'}, {'所属概念': ['三胎概念', '创新药', '医药电商', '流感', '维生素', '消毒剂', '国企改革', '污水处理', '深股通', '融资融券', '医药生物', '化学制药', '化学制剂'], 'ma5[20250722]': 33.108, '纳入概念原因[20250722]': ['【创新药】2024年年报：公司秉承“量身定制儿童药物”和“质量源于设计”的研发理念，每年平均推出1-2种创新的儿童药品，构建起涵盖儿童药品和儿童健康产品等多个领域的差异化产品矩阵。通过不断优化智能化生产体系，荣成生产基地通过技术改造实现了生产效率和产品质量的双重提升，有效确保了市场供应。在营销方面，公司坚持“专家权威推荐、渠道方便购买、专业的品类教育”的核心营销策略，依托权威医学推荐构建专业壁垒，提高终端渠道渗透率，积极拓展线上销售渠道，通过电商平台和社交媒体等平台，加强与消费者的互动和沟通，进一步提升了产品的市场影响力和竞争力，同时大力提升新渠道销售规模。核心产品伊可新维生素AD滴剂稳居品类领导地位，达因钙、达因铁、DHA等产品快速提升销量及市场占有率。达因药业从打造伊可新--维生素AD滴剂明星单品，到围绕儿童成长多元健康需求建立立体化矩阵产品体系，撬动品牌向上向新发展，从儿童药品扩展到儿童大健康领域，涵盖儿童营养食品、用品、保健和特医食品（罕见病）四大类；营养产品矩阵涉及儿童基础营养、眼脑发育、肠道健康、免疫调节、护理用品五大类，全方位满足儿童健康的差异化需求。'], '股票简称': '华特达因', '股票代码': '000915.SZ'}, {'所属概念': ['仿制药一致性评价', '民营医院', '医美概念', '高压氧舱', '创新药', '医疗器械概念', '养老概念', '互联网医疗', '国企改革', '创投', '医药生物', '化学制药', '化学制剂'], 'ma5[20250722]': 7.114, '纳入概念原因[20250722]': ['【创新药】根据2025年4月18日公告：公司在科技研发方面主要投入方向包括：中西药并行及仿创结合布局研发管线、协同现有产业的抗贫血类、妇科类、肾科类和医疗器械研发、产品二次开发（新适应症/新剂型）、仿制药一致性评价。通过自主研发与合作并重，公司致力于提升创新药研发效率与成功率，增强产品竞争力并拓展市场份额。'], '股票简称': '金陵药业', '股票代码': '000919.SZ'}, {'所属概念': ['创新药', '减肥药', '肝炎概念', '医药电商', '细胞免疫治疗', '合成生物', '医美概念', '宠物经济', '医疗器械概念', '证金持股', '人工智能', '冷链物流', '深股通', '融资融券', '医药生物', '化学制药', '化学制剂'], 'ma5[20250722]': 43.926, '纳入概念原因[20250722]': ['【创新药】2024年三季度报告：公司创新研发重点布局内分泌、自身免疫及肿瘤三大领域，目前创新产品管线已超70项。随着产品管线的不断丰富，公司创新药种类已持续扩展至包括小分子药物、靶向蛋白降解剂、多肽类药物、抗体药物偶联物（ADC）、双特异性或多特异性抗体药物等多类型药物实体，以及针对内分泌、自身免疫及肿瘤等疾病的创新疗法的探索。'], '股票简称': '华东医药', '股票代码': '000963.SZ'}, {'所属概念': ['创新药', '毛发医疗', '细胞免疫治疗', '医药电商', '互联网医疗', '高股息精选', '国企改革', '深股通', '摘帽', '股权转让(并购重组)', '医药生物', '中药', '中药Ⅲ'], 'ma5[20250722]': 12.066, '纳入概念原因[20250722]': ['【创新药】2024年2月5日互动易回复：公司的创新药主要是抗凝一类新药LFG项目、创新型环脂肽类抗生素YB211项目，两个项目均已正式启动国内临床试验。'], '股票简称': '九芝堂', '股票代码': '000989.SZ'}, {'所属概念': ['医药电商', '禽流感', '流感', '创新药', '高股息精选', '绿色电力', '国企改革', '央企国企改革', '深股通', '融资融券', '股权转让(并购重组)', '医药生物', '中药', '中药Ⅲ'], 'ma5[20250722]': 31.426, '纳入概念原因[20250722]': ['【创新药】19年11月,拟14.2亿购买沈阳药科大学所持有的QBH-196项目所有技术成果及知识产权QBH-196是由沈阳药科大学开发的1类小分子靶向抗癌新药'], '股票简称': '华润三九', '股票代码': '000999.SZ'}, {'所属概念': ['禽流感', '流感', '生物疫苗', '肝炎概念', '创新药', '重组蛋白', '分拆上市意愿', '证金持股', '融资融券', '深股通', '医药生物', '生物制品', '疫苗'], 'ma5[20250722]': 16.264, '纳入概念原因[20250722]': ['【创新药】根据2023年3月30日公告：公司参股公司华兰基因工程有限公司主要开展创新药和生物类似药的研发、生产，目前已取得曲妥珠单抗、利妥昔单抗、贝伐单抗、阿达木单抗、德尼单抗、帕尼单抗和伊匹单抗的临床试验批件，正在按计划开展临床试验。'], '股票简称': '华兰生物', '股票代码': '002007.SZ'}, {'所属概念': ['医药电商', '民营医院', '仿制药一致性评价', '医美概念', '毛发医疗', '氟化工概念', '创新药', '细胞免疫治疗', '转基因', '煤化工概念', '三胎概念', '西部大开发', '旅游概念', '互联网医疗', '分拆上市意愿', '深股通', '融资融券', '医药生物', '化学制药', '化学制剂'], 'ma5[20250722]': 4.442, '纳入概念原因[20250722]': ['【创新药】根据2024年4月29日互动易，在生物创新药方面，公司和参股企业普瑞金合作，正在研发主治银屑病的新型纳米抗体药物，目前处于临床前研究阶段。'], '股票简称': '华邦健康', '股票代码': '002004.SZ'}, {'所属概念': ['阿尔茨海默概念', '创新药', '仿制药一致性评价', '肝炎概念', '眼科医疗', '医疗器械概念', '共同富裕示范区', '高股息精选', '深股通', '融资融券', '医药生物', '化学制药', '化学制剂'], 'ma5[20250722]': 15.94, '纳入概念原因[20250722]': ['【创新药】根据2025年1月17日投资者关系管理信息：目前公司进展比较快的创新药有：治疗精神分裂的JX11502MA胶囊，临床II期进行中；康复新肠溶胶囊II期临床进行中；其余在研项目10余个有序推进中。公司后续会加速推进创新药的研发进展，承接公司创新转型的战略落地。'], '股票简称': '京新药业', '股票代码': '002020.SZ'}, {'所属概念': ['创新药', '肝炎概念', '维生素', '流感', '合成生物', '可降解塑料', '光伏概念', '深股通', '融资融券', '医药生物', '化学制药', '化学制剂'], 'ma5[20250722]': 14.454, '纳入概念原因[20250722]': ['【创新药】拥有DiKineTM双分子平台,ITabTM免疫抗体平台,成功开发的第三代创新药贝格司亭进入全球三期临床和即将进入中国三期临床,普罗纳亭已进入两项国际二期临床和中国一期临床,肿瘤免疫双特异性抗体新药A-337将进入国际一期临床,长效生长激素F-899将进入临床申报;16年10亿拟收购健能隆,切入生物创新药领域,标的主营蛋白类重组创新药;18年10月,创新型治疗用生物药A-319获得药物临床试验批件.'], '股票简称': '亿帆医药', '股票代码': '002019.SZ'}, {'所属概念': ['仿制药一致性评价', '创新药', '减肥药', '肝炎概念', '幽门螺杆菌概念', '流感', '辅助生殖', '猴痘概念', '医药电商', '生物疫苗', 'NMN概念', '民营医院', '医美概念', '基因测序', '工业大麻', '互联网医疗', '京津冀一体化', '创投', '2025中报预增', '深股通', '融资融券', '医药生物', '化学制药', '化学制剂'], 'ma5[20250722]': 7.938, '纳入概念原因[20250722]': ['【创新药】在研究开发方面，公司继续加大对创新品种的研发布局，加快重点研发项目的推进。报告期内注射用丁二磺酸腺苷蛋氨酸、富马酸替诺福韦二吡呋酯片（0.15g、0.2g、0.3g）及替莫唑胺胶囊（100mg）新获得生产批件；来那度胺、替莫唑胺、阿德福韦酯等品种通过药品一致性评价；聚乙二醇化重组人粒细胞集落刺激因子注射液完成Ⅲ期临床研究，已提交上市申请，伏立康唑片和达格列净片提交上市申请。利拉鲁肽注射液、KM118单抗注射液获准进入临床实验研究，长效重组人胰高血糖素样肽-1注射液将在完善相关研究后提交药品临床试验申请。在研项目中，聚乙二醇修饰长效蛋白、Fc融合蛋白、高糖基化修饰蛋白、ADCC增强型单克隆抗体""]）和分析方法（${题材板块}分析），以确保给出的回答既精确又全面。此外，你需根据内容逻辑在合适的位置插入给定的数据配图之一，比如K线图应该插入在技术面分析的结尾部分。本轮问题中涉及到的数据配图有这些（数据配图是标准的html代码，请千万不要改变数据配图的内容，只在合适地方原样输出即可）：['<lxzj-lxkf-aigcchart query=""创新药连续20日主力资金流向""? quota-info=""主力资金流向-bar-元"" graph-type=""base""></lxzj-lxkf-aigcchart>', '<lxzj-lxkf-aigcchart query=""创新药k线图""? quota-info=""k线图"" graph-type=""kline""></lxzj-lxkf-aigcchart>']。请基于上述要求，开始你的分析。
用户问题：创新药板块机会如何",,,,,,,,
SH513600 恒生指数ETF怎么样,"该分析方法仅供参考，实际情况需要根据用户的问句进行具体分析。
|分析方法|
|---|
|该类ETF基金综合分析分析思路，一般包括以下多方面，请根据具体情况有侧重点的分析：
1.基本面分析：主要分析ETF所跟踪的指数，基于市盈率百分位（该数值越大指数相对越高估）分析该指数估值水平和盈利质量，并结合该指数的研报、影响A股的宏观政策，进一步分析评估该指数的投资价值。
2.技术面分析：通过ETF价格走势、技术形态及收盘价与支撑压力价位的位置关系，分析ETF的中短期趋势。
3.资金面分析：观察主力资金流入和流出情况，结合主力控盘度分析主力资金意图。同时流动性也是决定ETF
4.宏观政策分析：市场环境和政策变化会影响市场风险偏好，从而影响指数的估值。
总结：基于上述ETF分析，结合指数的后市展望和整体市场环境，对分析进行总结。
需要获取以下数据：
1. **基本面**
- （1）产品信息：了解基金的行情信息、规模；ETF所跟踪的指数情况、跟踪误差；管理费率、托管费率；持有体验分析等。
- （2）跟踪指数基本面信息：关注ETF所跟踪指数的估值水平、盈利质量等信息，通常你可以在ETF名称或者NLU信息中获取相关的指数名称。
**金融查询**:
- 基金规模；跟踪指数、跟踪误差；折溢价；
- 管理费率、托管费率；
- 持有1个月盈利概率、持有6个月盈利概率，持有12个月盈利概率
- 跟踪指数市盈率、跟踪指数市盈率百分位、指数估值水平；
- 跟踪指数股息率、跟踪指数ROE；
**资讯查询**:
- 获取该ETF相关指数的基本面近期研报；
- 获取该ETF相关指数的估值分析近期研报
2. **技术面**
- 行情走势：通过行情变化了解市场情绪和趋势。
**金融查询**: 连续10日涨跌幅、收盘价、振幅
- 技术形态：了解ETF技术形态。
**资讯查询**:：技术形态
- 撑压分析：通过查询ETF当前价格与支撑压力位，分析未来走势关系。
**金融查询**:行情收盘价、支撑位、压力位
3. **资金面**
- 主力资金：了解主力资金的流向和控盘情况。
**金融查询**:连续10日主力资金流向、连续10日大单净额；连续10日主力控盘比例
- 流动性：了解ETF的流动性状况。
**金融查询**:连续10日成交额、连续10日换手率
4. **消息面**
- 重要事件：获取ETF对应指数的利好利空、宏观政策等消息面影响。
**资讯查询**:
搜索该ETF相关指数的的最新资讯 近期宏观政策、ETF对应行业政策对ETF影响分析
搜索ETF对应行业 发展前景 最新分析文章
5. **风险因素**
ETF基金的风险因素主要包括流动性风险、行业风险、成分股风险。行业风险、成分股风险主要通过搜索来获取合理的分析内容，而流动性风险主要通过金融查询获取成交量、成交额、换手率，折价率、跟踪误差、基金规模、基金份额等数据。
**资讯查询**:
- 搜索：xx行业的市场波动分析
- 搜索：近期宏观经济环境对于xx行业的影响
- 搜索：xx行业技术创新 竞争格局 行业政策风险分析
- 搜索：xxETF重仓股 重仓股风险分析
**金融查询**:
- xxETF 连续20日的成交量、成交额、换手率
- xxETF 折溢价、跟踪误差
- xxETF 基金规模、基金份额
你需要尽可能完整地收集<解读思路>中提及的要素，其中<定量数据>和<定性数据>会给你一些参考，最终你要从多角度，围绕各个维度分析标的。
注意：当你在做规划工具过程中，使用金融查询工具查询<定量数据>时，为查询数据的准确，请尽量用上下文信息中的ETF代码(即NLU中的code)作为查询标的。|","你身为国泰海通证券公司的资深业务专家，现在需要针对用户的问题展开深度分析。在解答过程中，你需要充分利用提供的参考文档（['资讯：\n 标题 恒生指数ETF今日合计成交额16.92亿元，环比增加73.42% \n文档[1]\n 2025-07-15 16:55:52:000\n发布时间 恒生指数ETF今日合计成交额16.92亿元，环比增加73.42%\n切片#1\n 统计显示，恒生指数ETF今日合计成交额16.92亿元，环比上一交易日增加7.17亿元，环比增幅为73.42%。 具体来看，华夏恒生ETF（159920）今日成交额9.36亿元，较上一交易日增加4.19亿元，环比增幅为80.92%；南方恒生指数ETF（513600）今日成交额3.56亿元，较上一交易日增加1.96亿元，环比增幅为122.03%；华夏沪港通恒生ETF（513660）今日成交额3.93亿元，较上一交易日增加1.01亿元，环比增幅为34.62%。 按成交金额环比增加看，南方恒生指数ETF（513600）、华夏恒生ETF（159920）等今日成交额较上一交易日分别增加122.03%、80.92%，增幅居前。 从市场表现看，截至收盘，跟踪恒生指数的相关ETF今日平均上涨1.00%，其中，涨幅居前的有南方恒生指数ETF（513600）、华夏恒生ETF（159920）等，今日分别上涨1.05%、1.01%。（数据宝） 恒生指数ETF7月15日成交额变动 基金代码 基金简称 今日涨跌幅 今日成交额 较上一交易日 增加 环比增幅 159920 华夏恒生ETF 1.01% 9.36亿元 4.19亿元 80.92% 513600 南方恒生指数ETF 1.05% 3.56亿元 1.96亿元 122.03% 513660 华夏沪港通恒生ETF 1.01% 3.93亿元 1.01亿元 34.62% 513210 易方达恒生ETF(QDII) 0.93% 684.68万元 83.01万元 13.80% 注：本文系新闻报道，不构成投资建议，股市有风险，投资需谨慎。\n\n 标题 2只恒生指数ETF成交额环比增超30% \n文档[2]\n 2025-07-08 16:12:07:000\n发布时间 2只恒生指数ETF成交额环比增超30%\n切片#1\n 统计显示，恒生指数ETF今日合计成交额13.70亿元，环比上一交易日增加3.26亿元，环比增幅为31.19%。 具体来看，华夏恒生ETF（159920）今日成交额8.17亿元，较上一交易日增加1.98亿元，环比增幅为32.10%；南方恒生指数ETF（513600）今日成交额2.91亿元，较上一交易日增加9824.90万元，环比增幅为50.95%；华夏沪港通恒生ETF（513660）今日成交额2.56亿元，较上一交易日增加2759.39万元，环比增幅为12.08%。 按成交金额环比增加看，南方恒生指数ETF（513600）、华夏恒生ETF（159920）等今日成交额较上一交易日分别增加50.95%、32.10%，增幅居前。 从市场表现看，截至收盘，跟踪恒生指数的相关ETF今日平均上涨1.06%，其中，涨幅居前的有南方恒生指数ETF（513600）、华夏沪港通恒生ETF（513660）等，今日分别上涨1.10%、1.09%。（数据宝） 恒生指数ETF7月8日成交额变动 基金代码 基金简称 今日涨跌幅 今日成交额 较上一交易日 增加 环比增幅 159920 华夏恒生ETF 1.02% 8.17亿元 1.98亿元 32.10% 513600 南方恒生指数ETF 1.10% 2.91亿元 9824.90万元 50.95% 513660 华夏沪港通恒生ETF 1.09% 2.56亿元 2759.39万元 12.08% 513210 易方达恒生ETF(QDII) 1.01% 603.34万元 135.81万元 29.05% 注：本文系新闻报道，不构成投资建议，股市有风险，投资需谨慎。\n\n 标题 3只恒生指数ETF成交额环比增超100% \n文档[3]\n 2025-07-02 17:07:38:000\n发布时间 3只恒生指数ETF成交额环比增超100%\n切片#1\n 统计显示，恒生指数ETF今日合计成交额10.65亿元，环比上一交易日增加7.14亿元，环比增幅为203.04%。 具体来看，华夏恒生ETF（159920）今日成交额6.30亿元，较上一交易日增加4.34亿元，环比增幅为220.98%；华夏沪港通恒生ETF（513660）今日成交额2.06亿元，较上一交易日增加1.64亿元，环比增幅为386.92%；南方恒生指数ETF（513600）今日成交额2.20亿元，较上一交易日增加1.52亿元，环比增幅为222.15%。 按成交金额环比增加看，华夏沪港通恒生ETF（513660）、南方恒生指数ETF（513600）等今日成交额较上一交易日分别增加386.92%、222.15%，增幅居前。 从市场表现看，截至收盘，跟踪恒生指数的相关ETF今日平均上涨0.43%，其中，涨幅居前的有易方达恒生ETF(QDII)（513210）、华夏沪港通恒生ETF（513660）等，今日分别上涨0.60%、0.47%。（数据宝） 恒生指数ETF7月2日成交额变动 基金代码 基金简称 今日涨跌幅 今日成交额 较上一交易日 增加 环比增幅 159920 华夏恒生ETF 0.27% 6.30亿元 4.34亿元 220.98% 513660 华夏沪港通恒生ETF 0.47% 2.06亿元 1.64亿元 386.92% 513600 南方恒生指数ETF 0.36% 2.20亿元 1.52亿元 222.15% 513210 易方达恒生ETF(QDII) 0.60% 883.55万元 -3565.70万元 -80.14% 注：本文系新闻报道，不构成投资建议，股市有风险，投资需谨慎。\n\n 标题 证券ETF南方(512900.SH)涨1.47%，中信证券涨2.22% \n文档[4]\n 证券ETF南方(512900.SH)涨1.47%，中信证券涨2.22%\n\n发布时间 2025-07-21 10:28:47切片#1\n 7月21日，沪深两市延续表现，证券板块盘中上扬。截至10点15分，证券ETF南方(512900.SH)涨1.47%，中信证券涨2.22%。\n\n 标题 南方基金管理股份有限公司旗下基金2025年第二季度报告提示性公告 \n文档[5]\n 南方基金管理股份有限公司旗下基金2025年第二季度报告提示性公告\n\n发布时间 2025-07-21 06:24:08切片#1\n \u3000\u3000南方基金管理股份有限公司（以下简称“本公司”）董事会及董事保证基金2025年第二季度报告所载资料不存在虚假记载、误导性陈述或重大遗漏，并对其内容的真实性、准确性和完整性承担个别及连带责任。\u3000\u3000本公司2025年第二季度报告涉及基金明细如下：\u3000\u3000■\u3000\u3000■\u3000\u3000■\u3000\u3000■\u3000\u3000■\u3000\u3000■\u3000\u3000上述基金2025年\n\n 标题 南华基金管理有限公司 旗下公开募集证券投资基金 2025年第2季度报告提示性公告 \n文档[6]\n 南华基金管理有限公司 旗下公开募集证券投资基金 2025年第2季度报告提示性公告\n\n发布时间 2025-07-18 06:44:42切片#1\n 南华基金管理有限公司（以下简称“本公司”）董事会及董事保证旗下公开募集证券投资基金2025年第2季度报告所载资料不存在虚假记载、误导性陈述或重大遗漏，并对其内容的真实性、准确性和完整性承担个别及连带责任。本公司旗下南华瑞盈混合型发起式证券投资基金、南华丰淳混合型证券投资基金、南华瑞鑫定期开放债券型发\n\n 标题 南向资金连续10个交易日净买入，关注恒生ETF易方达（513210）、H股ETF（510900）等产品配置机会 \n文档[7]\n 南向资金连续10个交易日净买入，关注恒生ETF易方达（513210）、H股ETF（510900）等产品配置机会\n\n发布时间 2025-07-17 19:35:23切片#1\n 港股宽基指数全天震荡，南向资金连续10个交易日净买入。截至收盘，恒生指数、恒生中国企业指数均下跌0.1%，中证港股通中国100指数上涨0.2%。\n\n 标题 港股宽基系列指数延续涨势，恒生ETF易方达（513210）、H股ETF（510900）等助力布局港股核心资产 \n文档[8]\n 港股宽基系列指数延续涨势，恒生ETF易方达（513210）、H股ETF（510900）等助力布局港股核心资产\n\n发布时间 2025-07-14 20:34:55切片#1\n 今日港股震荡上行，南向资金净买入超80亿港元。截至收盘，恒生指数上涨0.3%，恒生中国企业指数上涨0.5%，中证港股通中国100指数上涨0.7%。中信证券表示，港股当前的估值洼地特征又显现出来，保险资金投资范围扩圈是大势所趋，南下资金有望再次回暖。\n研报：\n 标题 公募基金权益指数跟踪周报：“反内卷”政策加码，科技主题轮动加速 \n文档[9]\n 公募基金权益指数跟踪周报：“反内卷”政策加码，科技主题轮动加速\n\n发布时间 2025年07月07日 16时00分00秒\n切片#1：权益市场回顾：上周（2025.06.30-2025.07.04）A股震荡上涨，全周累计看，沪深300上涨1.54%，中证1000上涨0.56%。“反内卷”为上周市场博弈的焦点，钢铁、煤炭和建筑材料等传统周期类行业领涨A股。\n\n??? 权益市场观察：“反内卷”：中央财经委员会第六次会议提出治理“内卷式”竞争、推动落后产能有序退出。政策导向正从总量刺激转向压减无效供给、遏制低效内卷、推动产业升级。一方面，行业层面落地政策尚未全面出台，另一方面，“反内卷”是为科技和产业升级提供宏观环境，短期相关板块上涨属于交易预期，后续可能面临反复。深海科技：深海科技是一个多学科交叉融合的产业，后续随着政策的不断释放，板块可能迎来反复催化。半导体限制暂缓：提升国内EDA工具国产替代率，除了攻克技术瓶颈，建设完备的产业链协同体系同样重要。在半导体自主可控领域，制造设备和材料环节的核心设备突破仍然是市场博弈的焦点。\n\n??? 公募基金市场动态：6月30日，北证专精特新指数正式发布，成为继北证50指数之后，北交所第二只指数。该指数从北京证券交易所专精特新“小巨人”上市公司证券中选取市值最大的50只作为指数样本，以反映北交所专精特新上市公司证券的整体表现。指数样本股涵盖高端装备制造、新一代信息技术、新材料等战略新兴产业领域。\n\n??? 主动权益基金指数表现跟踪\n??? 主动股基优选指数：上周收涨0.46%，成立以来累计录得11.29%的超额收益\n\n??? 价值股基优选指数：上周收涨0.56%，成立以来累计录得-5.87%的超额收益\n\n??? 均衡股基优选指数：上周收涨1.85%，成立以来累计录得4.91%的超额收益\n\n??? 成长股基优选指数：上周收涨1.15%，成立以来累计录得15.96%的超额收益\n\n??? 医药股基优选指数：上周收涨6.88%，成立以来累计录得21.94%的超额收益\n\n??? 消费股基优选指数：上周收涨0.57%，成立以来累计录得15.46%的超额收益\n\n??? 科技股基优选指数：上周收涨0.46%，成立以来累计录得15.71%的超额收益\n\n??? 高端制造股基优选指数：上周收涨1.73%，成立以来累计录得-3.19%的超额收益\n\n??? 周期股基优选指数：上周收涨1.11%，成立以来累计录得3.73%的超额收益\n\n??? 风险提示：基金的过往业绩及基金经理管理其他产品的历史业绩不代表未来表现；本报告根据历史公开数据及定期报告整理，存在失效风险，不代表对基金未来资产配置情况的预测，不构成投资建议；本报告的模拟指数结果是基于对应模型计算所得，并非实盘业绩，需警惕模型失效的风险\n 标题 恒生消费指数投资价值分析：恒生消费指数，稀缺+低估的消费核心资产 \n文档[10]\n 恒生消费指数投资价值分析：恒生消费指数，稀缺+低估的消费核心资产\n\n发布时间 2025年03月28日 00时00分00秒\n切片#1：2025年以来，港股关注度不断提高，结合行业比较基本面、估值、资金筹码、政策和市场交易特征等要素，我们高度关注港股消费板块的投资机会。\n\n??? 恒生指数公司自2015年08月17日推出恒生消费（HSCGSI.HI）。恒生消费精选港股消费领域50家高成长性龙头企业，聚焦消费升级浪潮下的稀缺性资产，锚定高成长赛道，构建差异化配置优势。行业分布方面，恒生消费指数在行业维度均衡配置，聚焦港股稀缺资产。从申万一级行业分布来看，前三由食品饮料、纺织服饰、社会服务均衡配置，规避单一品类波动风险。从申万二级行业分布来看，成分股横跨重要民生消费领域，分布均衡，深度绑定居民日常生活高频消费场景：饮料乳品以15.02%的权重占比位列第一，酒店餐饮权重占比13.24%，服装家纺占比13.2%。\n\n??? 与A股代表性消费指数的行业分布比较，恒生消费指数行业更能体现港股稀缺资产的特征，与A股消费指数形成互补。中证消费指数的行业分布主要集中于白酒行业（白酒行业权重为41.4%），WIND大消费指数集中于医药行业（医药生物行业权重为49.1%），均为A股消费核心资产，但在服务消费的权重相对较低，而恒生消费指数在商品消费和服务消费“两手抓”，代表性权重股例如安踏体育、泡泡玛特、携程集团等，我们在行业比较春季策略《补消费短板、持续推进“人工智能＋”――2025年春季行业比较投资策略》中也提到，后续更加关注服务消费的投资机会，恒生消费指数是A股消费投资的有效补充。\n\n??? 恒生消费指数兼具盈利能力和分红稳定性。（1）2016年以来，恒生消费指数成分股年化ROE中位数不断上行，近四年来中枢水平不断提高，截至2024年上半年为16.3%，同期A股消费板块ROETTM约为11.9%，横向对比之下，恒生消费指数盈利能力更优。且向后展望，上市公司盈利周期回暖趋势相对明确，叠加宽财政政策托底宏观经济预期，扩大内需政策的重要性不断提高，消费核心资产业绩韧性将进一步凸显。（2）上市公司注重提高投资者回报的背景下，近年来中国资产的股息率也在趋势提高。消费板块作为低资本开支+高盈利稳定性的代表，全球视野下均为优质的分红资产。恒生消费指数股息率水平自2020年开始不断提高，2024年约为3.24%，在低利率时代具备良好的回报率。\n\n??? 恒生消费指数当前估值水平低位回暖，适逢市场风险偏好提升，当前位置具备良好的配置性价比。（1）恒生消费指数经过近两年的估值消化，当前PETTM水平约为18倍，处于2016年以来28%分位数；（2）恒生消费指数最新的风险调整后收益指标略超历史均值，叠加市场风险偏好提升，指向指数点位中期向上趋势。（3）恒生消费指数的股权风险溢价以国债计算处于均值+1倍标准差位置，以美债计算处于均值附近，当前具备配置价值。\n\n??? 南向资金加速流入，主动权益公募基金对港股通标的配置水平上升至历史最高。截至2024年12月31日，24Q4港股通公司配置占比较24Q3上升2.0个百分点至14.5%，达到历史最高水平。跨境港股ETF持有港股市值与主动权益公募持有港股市值占港股通流通市值比重基本相当，前者占比为0.91%，后者占比为0.85%，市值占比的绝对值仍较小，主动和被动资金流入港股均有向上空间。\n\n??? 政策方面，2025年政府首要工作任务目标在于大力提振消费、提高投资效益、全方位扩大国内需求：回顾过往历年政府首要工作任务，其与资本市场关切点具有较强的相关性，如：2016-2018年（“供给侧改革”）；2019-2022年（保持经济运行在合理区间）；2023年（着力扩大内需）；2024年（新质生产力），消费板块后续有望在政策发力+基本面回暖的背景下受益。\n\n??? 广发恒生消费ETF（认购代码：159699）紧密跟踪恒生消费指数，追求跟踪偏离度和跟踪误差最小化。后续将成为投资者布局恒生消费指数的重要工具。广发恒生消费ETF是当前市场中跟踪恒生消费指数规模最大的ETF产品，2025年以来产品份额大幅扩张，2024年底产品份额为4.95亿份，2025年3月26日已快速扩张至了15.6亿份，扩张幅度达到216%，最新流通规模为15.5亿元。\n\n??? 风险提示：本报告对于基金产品、指数的研究分析均基于历史公开信息，可能受指数样本股的变化而产生一定的分析偏差；此外，基金管理人的历史业绩与表现不代表未来；指数未来表现受宏观环境、市场波动、风格转换等多重因素影响，存在波动风险；本报告不涉及证券投资基金评价业务，不涉及对基金产品的推荐，亦不涉及对任何指数样本股的推荐。']）、参考数据（[""[[{'基金规模[20250722]': 228978404.55, '基金简称': '南方恒生指数etf联接(lof)a', '基金代码': '501302.SH'}], [{'基金简称': '南方恒生指数etf联接(lof)a', '跟踪指数': '恒生指数', '基金代码': '501302.SH'}], [{'基金简称': '南方恒生指数etf联接(lof)a', '跟踪误差[20250722]': 0.0236289, '基金代码': '501302.SH'}], [{'基金简称': '南方恒生指数etf联接(lof)a', '基金代码': '501302.SH', '折溢价[20250722]': -0.4314}], [{'最高赎回费率': 1.5, '基金简称': '南方恒生指数etf联接(lof)a', '最高申购费率': 1.2, '基金代码': '501302.SH'}], [{'托管费率': 0.1, '基金简称': '南方恒生指数etf联接(lof)a', '基金代码': '501302.SH'}], [{'持有一个月盈利概率': 61.9835, '基金简称': '南方恒生指数etf联接(lof)a', '基金代码': '501302.SH'}], [{'持有一个月盈利概率': 61.9835, '基金简称': '南方恒生指数etf联接(lof)a', '基金代码': '501302.SH'}], [{'持有一个月盈利概率': 100.00009999999999, '基金简称': '南方恒生指数etf联接(lof)a', '基金代码': '501302.SH'}], [], [{'跟踪指数市盈率百分位[20250722]': 77.2976, '基金简称': '南方恒生指数etf联接(lof)a', '基金代码': '501302.SH'}], [{'基金简称': '南方恒生指数etf联接(lof)a', '跟踪指数估值水平[20250722]': '正常', '基金代码': '501302.SH'}], [{'基金简称': '南方恒生指数etf联接(lof)a', '跟踪指数股息率': 3.6017970000000004, '基金代码': '501302.SH'}], [{'基金简称': '南方恒生指数etf联接(lof)a', '基金代码': '501302.SH', '跟踪指数净资产收益率': 5.5208}], [{'涨跌幅[20250717]': -0.26, '涨跌幅[20250718]': 0.7799999999999999, '涨跌幅[20250715]': 0.88, '涨跌幅[20250716]': 0.7799999999999999, '基金简称': '南方恒生指数etf联接(lof)a', '涨跌幅[20250709]': -0.79, '涨跌幅[20250721]': 0.77, '涨跌幅[20250710]': 0.62, '涨跌幅[20250714]': -0.35000000000000003, '基金代码': '501302.SH', '涨跌幅[20250722]': 0.34099999999999997, '涨跌幅[20250711]': 0.88}], [{'基金简称': '南方恒生指数etf联接(lof)a', '收盘价[20250722]': 1.177, '基金代码': '501302.SH'}], [{'振幅[20250722]': 0.597, '基金简称': '南方恒生指数etf联接(lof)a', '基金代码': '501302.SH'}], [{'基金简称': '南方恒生指数etf联接(lof)a', '收盘价[20250722]': 1.177, '基金代码': '501302.SH'}], [{'基金简称': '南方恒生指数etf联接(lof)a', '支撑位[20250722]': 0.976, '基金代码': '501302.SH'}], [{'压力位[20250722]': 1.338, '基金简称': '南方恒生指数etf联接(lof)a', '基金代码': '501302.SH'}], [{'主力资金流向[20250721]': 897181.1, '主力资金流向[20250710]': 0.0, '主力资金流向[20250709]': 0.0, '基金简称': '南方恒生指数etf联接(lof)a', '主力资金流向[20250715]': 18078.9, '主力资金流向[20250716]': 0.0, '主力资金流向[20250717]': 0.0, '主力资金流向[20250718]': 0.0, '主力资金流向[20250722]': 0.0, '主力资金流向[20250711]': 0.0, '基金代码': '501302.SH', '主力资金流向[20250714]': 0.0}], [{'大单净买入额[20250715]': 486681.4, '大单净买入额[20250714]': 0.0, '大单净买入额[20250717]': 0.0, '大单净买入额[20250716]': -324731.7, '基金简称': '南方恒生指数etf联接(lof)a', '大单净买入额[20250718]': 0.0, '大单净买入额[20250709]': 0.0, '基金代码': '501302.SH', '大单净买入额[20250722]': 0.0, '大单净买入额[20250711]': 0.0, '大单净买入额[20250721]': 364699.6, '大单净买入额[20250710]': 0.0}], [{'主力控盘比例[20250709]': 0.0, '主力控盘比例[20250718]': 0.0, '主力控盘比例[20250717]': 0.0, '主力控盘比例[20250716]': 9.732521, '主力控盘比例[20250715]': 28.636982, '基金简称': '南方恒生指数etf联接(lof)a', '主力控盘比例[20250714]': 0.0, '主力控盘比例[20250722]': 0.0, '主力控盘比例[20250711]': 0.0, '主力控盘比例[20250721]': 47.850661, '主力控盘比例[20250710]': 0.0, '基金代码': '501302.SH'}], [{'成交额[20250709]': 1425459.0, '成交额[20250716]': 3336563.0, '成交额[20250715]': 5060959.0, '成交额[20250718]': 1163217.0, '基金简称': '南方恒生指数etf联接(lof)a', '成交额[20250717]': 1705246.0, '成交额[20250722]': 1178483.4, '成交额[20250711]': 2455435.0, '成交额[20250714]': 1558055.0, '基金代码': '501302.SH', '成交额[20250721]': 5490646.0, '成交额[20250710]': 1492804.0}], [{'换手率[20250714]': 5.014626, '换手率[20250715]': 16.152196, '换手率[20250718]': 3.749816, '换手率[20250716]': 10.558061, '基金简称': '南方恒生指数etf联接(lof)a', '换手率[20250717]': 5.534806, '换手率[20250709]': 4.60907, '换手率[20250721]': 17.573848, '换手率[20250710]': 4.82492, '换手率[20250722]': 3.7609999999999997, '换手率[20250711]': 7.858263, '基金代码': '501302.SH'}], [{'成交量[20250718]': 69033600.0, '成交量[20250707]': 70744100.0, '成交量[20250717]': 88495400.0, '成交量[20250709]': 76806800.0, '成交量[20250708]': 105932900.0, '成交量[20250714]': 57995600.0, '成交量[20250703]': 100147200.0, '成交量[20250627]': 95654100.0, '成交量[20250702]': 79617900.0, '成交量[20250716]': 107893700.0, '成交量[20250625]': 103167800.0, '成交量[20250715]': 127726400.0, '成交量[20250704]': 112969100.0, '成交量[20250626]': 85613300.0, '成交量[20250721]': 80666700.0, '成交量[20250710]': 98191800.0, '成交量[20250701]': 24763300.0, '基金简称': '南方恒指etf', '成交量[20250722]': 83264500.0, '成交量[20250711]': 120077300.0, '成交量[20250630]': 73614900.0, '基金代码': '513600.SH'}], [{'成交额[20250709]': 210528128, '成交额[20250708]': 291079803, '成交额[20250716]': 305479316, '成交额[20250715]': 356435221, '成交额[20250704]': 308584283, '成交额[20250627]': 266462802, '成交额[20250718]': 195929233, '成交额[20250707]': 192830833, '成交额[20250717]': 249367020.0, '基金简称': '南方恒指etf', '成交额[20250701]': 68424854, '成交额[20250722]': 239045980.0, '成交额[20250711]': 334886913, '成交额[20250714]': 160531903, '成交额[20250703]': 275254045, '成交额[20250626]': 237895402, '成交额[20250702]': 220430744, '成交额[20250625]': 287471601, '成交额[20250630]': 203468501, '基金代码': '513600.SH', '成交额[20250721]': 230850831, '成交额[20250710]': 269293153}], [{'换手率[20250709]': 13.81841, '换手率[20250714]': 10.625221999999999, '换手率[20250703]': 17.888875000000002, '换手率[20250627]': 17.086291, '换手率[20250715]': 23.40042, '换手率[20250704]': 20.179197, '换手率[20250626]': 15.292745, '换手率[20250701]': 4.423363999999999, '换手率[20250625]': 18.136858, '换手率[20250702]': 14.221812, '换手率[20250718]': 12.647464999999999, '换手率[20250707]': 12.636722, '换手率[20250708]': 19.058524, '换手率[20250716]': 19.766923, '基金简称': '南方恒指etf', '换手率[20250717]': 16.213010999999998, '换手率[20250630]': 13.149521, '换手率[20250721]': 14.778735000000001, '换手率[20250710]': 17.826169, '换手率[20250722]': 15.254999999999999, '换手率[20250711]': 21.999049, '基金代码': '513600.SH'}], [{'基金简称': '南方恒生指数etf联接(lof)a', '基金代码': '501302.SH', '折溢价[20250722]': -0.4314}], [{'基金规模[20250722]': 228978404.55, '基金简称': '南方恒生指数etf联接(lof)a', '基金代码': '501302.SH'}], [{'基金份额[20250722]': 201135389.17, '基金简称': '南方恒生指数etf联接(lof)a', '基金代码': '501302.SH'}]]""]）和分析方法（${etf基金名称}综合分析），以确保给出的回答既精确又全面。此外，你需根据内容逻辑在合适的位置插入给定的数据配图之一，比如K线图应该插入在技术面分析的结尾部分。本轮问题中涉及到的数据配图有这些（数据配图是标准的html代码，请千万不要改变数据配图的内容，只在合适地方原样输出即可）：['<lxzj-lxkf-aigcchart query=""南方恒生交易型开放式指数证券投资基金连续10日主力资金流向""? quota-info=""主力资金流向-bar-元"" graph-type=""base""></lxzj-lxkf-aigcchart>', '<lxzj-lxkf-aigcchart query=""南方恒生交易型开放式指数证券投资基金连续10日成交额""? quota-info=""成交额-bar-元"" graph-type=""base""></lxzj-lxkf-aigcchart>', '<lxzj-lxkf-aigcchart query=""南方恒生交易型开放式指数证券投资基金k线图""? quota-info=""k线图"" graph-type=""kline""></lxzj-lxkf-aigcchart>']。请基于上述要求，开始你的分析。
用户问题：SH513600 恒生指数ETF怎么样",,,,,,,,
