input,reasoning_content,content,开发备注,是否正确,备注
"""""""""""""""你身为国泰海通证券公司的资深业务专家，现在需要针对用户的问题展开深度分析。在解答过程中，你需要充分利用提供的参考文档（[]）、参考数据（[""""""""""""""""[
  [
    {
      ""主力买入额[20250721]"": ""2.03亿"",
      ""股票简称"": ""昆仑万维"",
      ""主力买入额[20250718]"": ""3.69亿"",
      ""主力买入额[20250715]"": ""8.16亿"",
      ""主力买入额[20250717]"": ""8.66亿"",
      ""股票代码"": ""300418.SZ"",
      ""主力买入额[20250716]"": ""4.61亿"",
      ""_comment"": ""主力买入额最小值:2.03亿(20250721), 最大值:8.66亿(20250717)""
    }
  ],
  [
    {
      ""主力卖出额[20250717]"": ""5.07亿"",
      ""主力卖出额[20250718]"": ""6.37亿"",
      ""主力卖出额[20250715]"": ""3.99亿"",
      ""主力卖出额[20250716]"": ""5.52亿"",
      ""股票简称"": ""昆仑万维"",
      ""主力卖出额[20250721]"": ""3.62亿"",
      ""股票代码"": ""300418.SZ"",
      ""_comment"": ""主力卖出额最小值:3.62亿(20250721), 最大值:6.37亿(20250718)""
    }
  ],
  [
    {
      ""主力资金流向[20250721]"": ""-1.59亿"",
      ""股票简称"": ""昆仑万维"",
      ""主力资金流向[20250715]"": ""4.17亿"",
      ""主力资金流向[20250716]"": ""-0.91亿"",
      ""主力资金流向[20250717]"": ""3.59亿"",
      ""主力资金流向[20250718]"": ""-2.68亿"",
      ""股票代码"": ""300418.SZ"",
      ""_comment"": ""主力资金流向最小值:-2.68亿(20250718), 最大值:4.17亿(20250715)""
    }
  ]
]
""""""""""""""""]）和分析方法（${个股名称}主力资金流向分析），以确保给出的回答既精确又全面。此外，你需根据内容逻辑在合适的位置插入给定的数据配图之一，比如K线图应该插入在技术面分析的结尾部分。本轮问题中涉及到的数据配图有这些（数据配图是标准的html代码，请千万不要改变数据配图的内容，只在合适地方原样输出即可）：['<lxzj-lxkf-aigcchart query=""""""""""""""""昆仑万维连续5日主力资金买入金额""""""""""""""""? quota-info=""""""""""""""""主力买入额-bar-元"""""""""""""""" graph-type=""""""""""""""""base""""""""""""""""></lxzj-lxkf-aigcchart>', '<lxzj-lxkf-aigcchart query=""""""""""""""""昆仑万维连续5日主力资金卖出金额""""""""""""""""? quota-info=""""""""""""""""主力卖出额-bar-元"""""""""""""""" graph-type=""""""""""""""""base""""""""""""""""></lxzj-lxkf-aigcchart>', '<lxzj-lxkf-aigcchart query=""""""""""""""""昆仑万维连续5日主力资金流向""""""""""""""""? quota-info=""""""""""""""""主力资金流向-bar-元"""""""""""""""" graph-type=""""""""""""""""base""""""""""""""""></lxzj-lxkf-aigcchart>', '<lxzj-lxkf-aigcchart query=""""""""""""""""昆仑万维k线图""""""""""""""""? quota-info=""""""""""""""""k线图"""""""""""""""" graph-type=""""""""""""""""kline""""""""""""""""></lxzj-lxkf-aigcchart>']。请基于上述要求，开始你的分析。
分析方法如下：
该分析方法仅供参考， 实际情况需要根据用户的问句进行具体分析。 | 分析方法 | | -- - | | ###分析思路 主力资金流向分析主要从以下几个维度进行： 1. ** 主力资金买入金额分析 ** - ** 逻辑 ** ：评估在一定时期内， 主力资金买入股票的总金额， 反映主力投资者对股票的看好程度和市场信心。 - ** 金融查询 ** ：连续5日主力资金买入金额。 2. ** 主力资金卖出金额分析 ** - ** 逻辑 ** ：评估在一定时期内， 主力资金卖出股票的总金额， 反映主力投资者对股票的看空程度和市场撤离情况。 - ** 金融查询 ** ：连续5日主力资金卖出金额。 3. ** 主力资金净流入金额分析 ** - ** 逻辑 ** ：衡量在一定时期内， 主力资金流入与流出的净额， 反映主力资金对股票市场的总体态度。 - ** 金融查询 ** ：连续5日主力资金流向。### 补充要求 - ** 时间跨度 ** ：获取连续5日的数据， 观察主力资金流向的变化趋势。 - ** 趋势分析 ** ：评估主力资金流向的趋势， 识别市场对股票的总体态度和可能的转折点。 通过这些逻辑和数据， 可以构建一个全面的主力资金流向分析框架， 深入理解市场主力资金的动态和股票市场的潜在走势。

用户问题：近期昆仑万维主力进出情况""""""""


重要提示：
今天的日期是：2025年7月30日（请留意当前日期，确保分析中使用的数据与时间线相符。例如，若今天是2025年，则所有2024年的数据应视为实际发生数据，而非预测值。因此，在分析中不应出现如“2024年预测增长率”等表述。）
请基于上述要求，开始你的分析。""""
""
",,,,,
